ensemble,mean_AD,mean_N,log2fc,pval,qval
ENSG00000163531,51.75675675675676,67.70731707317073,-0.38110787182291045,0.002209551108889748,0.7334819006505976
ENSG00000235253,2.5,6.878048780487805,-1.170483428018237,0.002614447018688544,0.7334819006505976
ENSG00000145675,26.135135135135137,38.1219512195122,-0.5278162335150144,0.00294807837882073,0.7334819006505976
ENSG00000105339,38.608108108108105,53.853658536585364,-0.46979205409914154,0.002386853644632157,0.7334819006505976
ENSG00000169894,82.58108108108108,104.41463414634147,-0.3348268380066414,0.0020462536505238904,0.7334819006505976
ENSG00000204179,6.8108108108108105,13.414634146341463,-0.8839899986877198,0.10993057739504257,0.912618334757989
ENSG00000151150,60.12162162162162,69.02439024390245,-0.19617469558663683,0.15924663948357898,0.912618334757989
ENSG00000148634,39.67567567567568,45.75609756097561,-0.20098821103195222,0.10886312880110381,0.912618334757989
ENSG00000065534,54.472972972972975,59.90243902439025,-0.13471496027391114,0.13481304684147022,0.912618334757989
ENSG00000107829,12.216216216216216,16.146341463414632,-0.37559158513116764,0.15124239946450466,0.912618334757989
ENSG00000165669,34.5945945945946,42.073170731707314,-0.2751313584028176,0.03786424285715308,0.912618334757989
ENSG00000144810,19.64864864864865,24.195121951219512,-0.28709707184017685,0.2276492173473238,0.912618334757989
ENSG00000269028,27.175675675675677,31.804878048780488,-0.21946015012282646,0.12082952296499275,0.912618334757989
ENSG00000236138,47.28378378378378,55.26829268292683,-0.22078345110857864,0.20501931360853587,0.912618334757989
ENSG00000241537,3.2972972972972974,6.804878048780488,-0.8609465006138731,0.14153440791706295,0.912618334757989
ENSG00000134539,37.7972972972973,43.36585365853659,-0.19349357345517076,0.19881952493322919,0.912618334757989
ENSG00000273079,71.05405405405405,81.8048780487805,-0.20063615505398721,0.07392068893848666,0.912618334757989
ENSG00000171681,37.189189189189186,40.24390243902439,-0.11101655508691001,0.17350869300283644,0.912618334757989
ENSG00000139053,3.5675675675675675,3.7560975609756095,-0.05835223847829235,0.1225353030018944,0.912618334757989
ENSG00000151229,22.39189189189189,24.975609756097562,-0.15114906675742804,0.19566732488420735,0.912618334757989
ENSG00000114735,44.04054054054054,56.09756097560975,-0.34220497801263056,0.11820448355028211,0.912618334757989
ENSG00000107679,57.891891891891895,67.1951219512195,-0.21159952527039547,0.1859194274581527,0.912618334757989
ENSG00000266412,24.2972972972973,20.536585365853657,0.23219373092407244,0.16793010183628698,0.912618334757989
ENSG00000075407,22.39189189189189,25.170731707317074,-0.16194571240074945,0.12657952212534296,0.912618334757989
ENSG00000120594,30.324324324324323,38.75609756097561,-0.3438927591228344,0.1966852609012455,0.912618334757989
ENSG00000026508,28.054054054054053,32.0,-0.18372654051058057,0.20288441652055533,0.912618334757989
ENSG00000167996,15.932432432432432,17.73170731707317,-0.14569316241016173,0.17196329558501433,0.912618334757989
ENSG00000162231,17.513513513513512,23.853658536585368,-0.424879519328791,0.0895884604453252,0.912618334757989
ENSG00000186001,33.7027027027027,40.707317073170735,-0.26525248366182336,0.09776486534582396,0.912618334757989
ENSG00000145113,49.0,59.46341463414634,-0.27413436169391386,0.05769552211003408,0.912618334757989
ENSG00000041802,16.5,13.975609756097562,0.2247401761928707,0.2412767175449546,0.912618334757989
ENSG00000150672,39.91891891891892,48.34146341463415,-0.2700324755834175,0.021059083851485347,0.912618334757989
ENSG00000165323,43.2972972972973,46.5609756097561,-0.10255963054838028,0.2134584076873257,0.912618334757989
ENSG00000020922,19.93243243243243,25.21951219512195,-0.32490087669812034,0.19268394212514095,0.912618334757989
ENSG00000188906,38.148648648648646,47.1219512195122,-0.2977326324640216,0.21027436599521043,0.912618334757989
ENSG00000166266,17.7972972972973,20.5609756097561,-0.19789721586005857,0.19156807902647388,0.912618334757989
ENSG00000019144,48.58108108108108,55.46341463414634,-0.18752664990992196,0.14913881600175194,0.912618334757989
ENSG00000255121,5.1891891891891895,6.195121951219512,-0.21726871716312576,0.23881120799106725,0.912618334757989
ENSG00000114770,29.41891891891892,34.390243902439025,-0.21838282362345482,0.2559400448662037,0.912618334757989
ENSG00000196914,67.12162162162163,75.2439024390244,-0.16250918500116626,0.1918206632341105,0.912618334757989
ENSG00000250493,16.06756756756757,21.682926829268293,-0.4103493432187076,0.17988681452053312,0.912618334757989
ENSG00000023171,29.716216216216218,36.68292682926829,-0.294910514984755,0.12094768137276246,0.912618334757989
ENSG00000154146,23.364864864864863,20.975609756097562,0.1488990246079367,0.24013124524456353,0.912618334757989
ENSG00000151715,7.22972972972973,11.853658536585366,-0.6432620947417483,0.088421018502267,0.912618334757989
ENSG00000085274,10.932432432432432,16.121951219512194,-0.5209589536669609,0.13354030098533515,0.912618334757989
ENSG00000149294,28.77027027027027,33.90243902439025,-0.22945553803665086,0.09472904793494061,0.912618334757989
ENSG00000114270,32.4054054054054,40.0,-0.295542342342659,0.08972845207935339,0.912618334757989
ENSG00000277048,27.7027027027027,32.63414634146341,-0.22874005172069284,0.08367004508384432,0.912618334757989
ENSG00000087274,28.743243243243242,35.80487804878049,-0.3073350216459921,0.061190582987075685,0.912618334757989
ENSG00000122966,41.9054054054054,50.34146341463415,-0.25896500241773407,0.09658541298257527,0.912618334757989
ENSG00000130779,45.189189189189186,49.97560975609756,-0.14225190630297196,0.21124109530088697,0.912618334757989
ENSG00000197653,42.32432432432432,50.26829268292683,-0.24288960481849645,0.07248679167690535,0.912618334757989
ENSG00000139364,32.891891891891895,38.46341463414634,-0.21957562063880454,0.23117785070235708,0.912618334757989
ENSG00000144406,50.054054054054056,58.41463414634146,-0.21879279252882874,0.07439951545364057,0.912618334757989
ENSG00000111452,28.905405405405407,33.09756097560975,-0.18926227058529072,0.22884035888440346,0.912618334757989
ENSG00000102755,32.554054054054056,40.31707317073171,-0.3002509741662239,0.04833497377144164,0.912618334757989
ENSG00000073910,51.986486486486484,61.073170731707314,-0.22834537545733427,0.06327420612824504,0.912618334757989
ENSG00000139767,19.972972972972972,25.975609756097562,-0.3631241890584456,0.03757140139857798,0.912618334757989
ENSG00000150893,36.78378378378378,42.09756097560975,-0.1898390401870464,0.052125525710604734,0.912618334757989
ENSG00000139668,40.229729729729726,45.926829268292686,-0.18672798020225198,0.20816683718836893,0.912618334757989
ENSG00000250903,30.85135135135135,39.73170731707317,-0.3547977051221132,0.12521687072082693,0.912618334757989
ENSG00000225884,2.581081081081081,6.780487804878049,-1.119465425325174,0.24618202236427988,0.912618334757989
ENSG00000165416,33.310810810810814,41.75609756097561,-0.31746696212289843,0.06974821043310615,0.912618334757989
ENSG00000005810,44.648648648648646,53.170731707317074,-0.24694142575646114,0.05358435865886177,0.912618334757989
ENSG00000165801,23.31081081081081,26.29268292682927,-0.16691621073577795,0.2534428719616971,0.912618334757989
ENSG00000100461,36.45945945945946,42.4390243902439,-0.21366161997527117,0.23229552467339354,0.912618334757989
ENSG00000151320,48.108108108108105,56.853658536585364,-0.23644695132275403,0.09485485378666454,0.912618334757989
ENSG00000081320,15.337837837837839,20.146341463414632,-0.3721910149835773,0.09645184510749766,0.912618334757989
ENSG00000153827,36.472972972972975,44.65853658536585,-0.2850341795547917,0.16011529004775027,0.912618334757989
ENSG00000204120,38.5945945945946,44.24390243902439,-0.1924198832094213,0.15412394617929068,0.912618334757989
ENSG00000168918,24.486486486486488,30.365853658536587,-0.2994623276637168,0.08170573532115785,0.912618334757989
ENSG00000167548,46.13513513513514,52.31707317073171,-0.17779472190584442,0.05652967317729519,0.912618334757989
ENSG00000185219,46.851351351351354,53.02439024390244,-0.17505121606233034,0.12029599957836266,0.912618334757989
ENSG00000144649,7.675675675675675,11.853658536585366,-0.5671310255257775,0.14195346154687735,0.912618334757989
ENSG00000114857,38.472972972972975,43.48780487804878,-0.17254473234642886,0.1609701555511719,0.912618334757989
ENSG00000161791,29.554054054054053,37.58536585365854,-0.3366899687321289,0.05840793639639695,0.912618334757989
ENSG00000258137,2.918918918918919,6.7317073170731705,-0.980331301135339,0.10649364189158661,0.912618334757989
ENSG00000163539,40.7027027027027,50.5609756097561,-0.3061386758228143,0.04329303415257419,0.912618334757989
ENSG00000183960,18.10810810810811,21.609756097560975,-0.24276048482699797,0.220879375905789,0.912618334757989
ENSG00000061987,40.83783783783784,48.146341463414636,-0.23227572828178558,0.08177383526328637,0.912618334757989
ENSG00000111530,34.08108108108108,39.58536585365854,-0.2102664111528197,0.24393158140417148,0.912618334757989
ENSG00000134070,8.35135135135135,14.609756097560975,-0.7392012282615039,0.02379775494217082,0.912618334757989
ENSG00000253719,16.91891891891892,17.70731707317073,-0.062119068401211654,0.24963473982204154,0.912618334757989
ENSG00000067798,30.594594594594593,39.34146341463415,-0.3525856656504846,0.02606083236146273,0.912618334757989
ENSG00000134121,25.72972972972973,31.146341463414632,-0.26620930525980674,0.12659675659641761,0.912618334757989
ENSG00000198015,35.16216216216216,44.21951219512195,-0.32246448899493596,0.12521910691719548,0.912618334757989
ENSG00000136011,29.04054054054054,33.21951219512195,-0.18790842160377522,0.19670470580867871,0.912618334757989
ENSG00000075856,20.027027027027028,27.097560975609756,-0.4182000174669865,0.1043906109464832,0.912618334757989
ENSG00000076555,39.5,43.31707317073171,-0.1299406967314074,0.2210635669633061,0.912618334757989
ENSG00000174437,33.067567567567565,42.78048780487805,-0.3618890868627401,0.0767796962599358,0.912618334757989
ENSG00000205592,82.72972972972973,89.3170731707317,-0.10925876639292749,0.200927019267936,0.912618334757989
ENSG00000184613,18.35135135135135,14.121951219512194,0.35579001097915275,0.24733644080557982,0.912618334757989
ENSG00000163956,17.83783783783784,24.341463414634145,-0.4278664540466547,0.048959164573804725,0.912618334757989
ENSG00000110422,23.89189189189189,20.073170731707318,0.24026848291700095,0.21552682161899506,0.912618334757989
ENSG00000257923,42.445945945945944,49.90243902439025,-0.2285132239553917,0.21775397492941384,0.912618334757989
ENSG00000153113,35.12162162162162,43.19512195121951,-0.291024478814023,0.09542585713511209,0.912618334757989
ENSG00000005249,14.797297297297296,18.414634146341463,-0.2974667670228587,0.0046730236724211735,0.912618334757989
ENSG00000128573,39.5,44.09756097560975,-0.1551275019014874,0.2498965679186338,0.912618334757989
ENSG00000157741,38.391891891891895,49.90243902439025,-0.3698360780828423,0.023982185483626666,0.912618334757989
ENSG00000064393,38.41891891891892,47.34146341463415,-0.29437293729917663,0.1281229774133589,0.912618334757989
ENSG00000164309,39.12162162162162,44.63414634146341,-0.1857338262649947,0.1717005594186427,0.912618334757989
ENSG00000214944,40.58108108108108,45.951219512195124,-0.17523536314694754,0.21566000845658273,0.912618334757989
ENSG00000146833,14.27027027027027,18.317073170731707,-0.3391509237879256,0.10796321327653427,0.912618334757989
ENSG00000006459,24.635135135135137,28.609756097560975,-0.20795010385507232,0.14258299355918863,0.912618334757989
ENSG00000086758,40.567567567567565,50.65853658536585,-0.31354844704137613,0.18013014864641452,0.912618334757989
ENSG00000169083,24.54054054054054,31.146341463414632,-0.33186549691048256,0.19070248741195128,0.912618334757989
ENSG00000147133,22.243243243243242,28.585365853658537,-0.34807234654191616,0.10944114025979905,0.912618334757989
ENSG00000270641,45.67567567567568,54.97560975609756,-0.26212743178311215,0.2135388237907767,0.912618334757989
ENSG00000085224,34.75675675675676,44.65853658536585,-0.35266873431559365,0.12521761612057164,0.912618334757989
ENSG00000196440,24.364864864864863,30.682926829268293,-0.320874141627873,0.23794580038750424,0.912618334757989
ENSG00000151883,23.45945945945946,30.097560975609756,-0.3464089107865186,0.14987117293309712,0.912618334757989
ENSG00000085185,13.22972972972973,17.609756097560975,-0.3871508868196796,0.1257150490905943,0.912618334757989
ENSG00000205542,86.33783783783784,72.41463414634147,0.25053914362000845,0.025113116412497777,0.912618334757989
ENSG00000186472,53.945945945945944,62.951219512195124,-0.21895883138788833,0.03046973644113253,0.912618334757989
ENSG00000146592,31.16216216216216,34.97560975609756,-0.16165474195212626,0.2546776880778049,0.912618334757989
ENSG00000151292,13.45945945945946,20.75609756097561,-0.5894061796426616,0.05788414449796237,0.912618334757989
ENSG00000124782,35.21621621621622,42.34146341463415,-0.25911204169440955,0.052454387060326374,0.912618334757989
ENSG00000118322,25.12162162162162,29.951219512195124,-0.2447517926407364,0.16621258352456236,0.912618334757989
ENSG00000278828,5.486486486486487,6.0,-0.1099176920780353,0.03133031877573369,0.912618334757989
ENSG00000204623,39.608108108108105,45.65853658536585,-0.20037324375843066,0.11081850666939683,0.912618334757989
ENSG00000231074,28.472972972972972,34.829268292682926,-0.2817459869263954,0.026845421267548682,0.912618334757989
ENSG00000112139,33.527027027027025,29.51219512195122,0.17834014064829784,0.2059709112119631,0.912618334757989
ENSG00000146122,19.62162162162162,24.0,-0.277770308569144,0.1608602193498443,0.912618334757989
ENSG00000171815,13.364864864864865,19.21951219512195,-0.4932037709755118,0.1384346664343844,0.912618334757989
ENSG00000151914,118.8108108108108,133.29268292682926,-0.16462260844116253,0.14271541934232948,0.912618334757989
ENSG00000112200,34.472972972972975,43.02439024390244,-0.311582775344552,0.059224709824089464,0.912618334757989
ENSG00000198478,12.486486486486486,14.878048780487806,-0.2355190888392412,0.06465652115756282,0.912618334757989
ENSG00000188994,29.986486486486488,37.31707317073171,-0.30634818672426906,0.2534503692393636,0.912618334757989
ENSG00000112159,61.13513513513514,65.97560975609755,-0.1082265204397866,0.2523375961013081,0.912618334757989
ENSG00000247627,31.08108108108108,111.0,-1.8037040680446472,0.12803863121573938,0.912618334757989
ENSG00000146263,47.391891891891895,58.51219512195122,-0.2984199901405902,0.04299852996821364,0.912618334757989
ENSG00000198945,14.824324324324325,20.21951219512195,-0.42324759124574163,0.12788044771671236,0.912618334757989
ENSG00000152818,47.25675675675676,54.80487804878049,-0.20966027920318986,0.1458684389524613,0.912618334757989
ENSG00000075624,58.027027027027025,47.09756097560975,0.29541194353107486,0.1442345396968944,0.912618334757989
ENSG00000136267,21.783783783783782,29.804878048780488,-0.4351514638563361,0.1847877985283014,0.912618334757989
ENSG00000129682,30.37837837837838,43.0,-0.48773272740068063,0.02913317782615213,0.912618334757989
ENSG00000110429,29.445945945945947,34.53658536585366,-0.2230549248399508,0.15400686972851038,0.912618334757989
ENSG00000196924,28.93243243243243,32.73170731707317,-0.17239581871897972,0.2345177395569742,0.912618334757989
ENSG00000156011,37.67567567567568,45.09756097560975,-0.25326392339263315,0.13638586905047717,0.912618334757989
ENSG00000130723,24.22972972972973,33.75609756097561,-0.46214135272413054,0.026029017059643982,0.912618334757989
ENSG00000213212,5.621621621621622,10.21951219512195,-0.7607534729526707,0.13018143094105578,0.912618334757989
ENSG00000181090,39.189189189189186,45.5609756097561,-0.21231381636238522,0.22551648841810457,0.912618334757989
ENSG00000163297,25.716216216216218,31.48780487804878,-0.2821825723529201,0.22884771044485475,0.912618334757989
ENSG00000269821,207.05405405405406,233.46341463414635,-0.17240442363987443,0.16636980111305189,0.912618334757989
ENSG00000163736,105.62162162162163,123.63414634146342,-0.2251993519350289,0.01071049371508018,0.912618334757989
ENSG00000229414,2.635135135135135,7.609756097560975,-1.2439633717254222,0.12512670225395364,0.912618334757989
ENSG00000210196,241.6216216216216,427.9512195121951,-0.8221054689413269,0.021409515978929428,0.912618334757989
ENSG00000148357,40.391891891891895,48.926829268292686,-0.27046709643531897,0.04904045677428649,0.912618334757989
ENSG00000255823,43.78378378378378,3.5365853658536586,3.303297715102554,0.09791320519112337,0.912618334757989
ENSG00000110321,27.10810810810811,31.75609756097561,-0.22077713740985402,0.2439092442608285,0.912618334757989
ENSG00000124406,28.81081081081081,34.51219512195122,-0.2524789256181799,0.07015343830436677,0.912618334757989
ENSG00000110768,17.43243243243243,22.951219512195124,-0.37785264630138693,0.03571437744144069,0.912618334757989
ENSG00000047365,32.45945945945946,38.170731707317074,-0.22736193931391602,0.1599263719219307,0.912618334757989
ENSG00000166833,37.027027027027025,45.853658536585364,-0.30113655143986046,0.081775643232505,0.912618334757989
ENSG00000176697,14.18918918918919,20.48780487804878,-0.5004732497103536,0.04954531229166205,0.912618334757989
ENSG00000281202,6.945945945945946,9.560975609756097,-0.4104522309012266,0.23266978246374892,0.912618334757989
ENSG00000174373,26.85135135135135,35.51219512195122,-0.39063107753002657,0.10950697416421966,0.912618334757989
ENSG00000075539,50.33783783783784,60.26829268292683,-0.2551181132374706,0.05805449448162439,0.912618334757989
ENSG00000148143,30.06756756756757,32.951219512195124,-0.1280541061414145,0.23343282049973102,0.912618334757989
ENSG00000165029,34.689189189189186,39.292682926829265,-0.1750307462632186,0.19877875435121428,0.912618334757989
ENSG00000145348,27.66216216216216,36.80487804878049,-0.39942495564191105,0.06703805886161024,0.912618334757989
ENSG00000147459,47.013513513513516,57.31707317073171,-0.2804778023912718,0.0514478682883355,0.912618334757989
ENSG00000120885,20.66216216216216,22.73170731707317,-0.13163864563742952,0.25344099761090466,0.912618334757989
ENSG00000206579,40.37837837837838,47.5609756097561,-0.23092029923158097,0.12239186660725875,0.912618334757989
ENSG00000091656,38.2027027027027,47.41463414634146,-0.3044900728431889,0.11818996333598272,0.912618334757989
ENSG00000079102,32.2972972972973,34.63414634146341,-0.097855283119463,0.2123973938823902,0.912618334757989
ENSG00000164934,21.39189189189189,23.48780487804878,-0.12908702774018632,0.2402687032595463,0.912618334757989
ENSG00000198948,23.37837837837838,30.829268292682926,-0.3847518292127318,0.07577190971272142,0.912618334757989
ENSG00000109756,32.37837837837838,40.41463414634146,-0.31122677809186444,0.07873982682766567,0.912618334757989
ENSG00000205038,37.351351351351354,39.8780487804878,-0.09204892064966617,0.12094694753851913,0.912618334757989
ENSG00000164796,45.2027027027027,57.292682926829265,-0.33533755644558244,0.00850992807871617,0.912618334757989
ENSG00000164162,7.5675675675675675,14.731707317073171,-0.8767176811820753,0.1588762431486035,0.912618334757989
ENSG00000181790,13.783783783783784,10.682926829268293,0.3396138160455103,0.156224966495225,0.912618334757989
ENSG00000107099,46.9054054054054,41.048780487804876,0.18812449202691434,0.11548493601718406,0.912618334757989
ENSG00000137154,13.972972972972974,17.878048780487806,-0.33434895110608803,0.12213879532981829,0.912618334757989
ENSG00000260390,4.108108108108108,8.414634146341463,-0.8821159740578739,0.06718833547447885,0.912618334757989
ENSG00000164066,37.9054054054054,46.19512195121951,-0.2786671384792043,0.1466603215338113,0.912618334757989
ENSG00000188647,25.527027027027028,30.975609756097562,-0.2695088737664496,0.22997580575360543,0.912618334757989
ENSG00000148053,46.63513513513514,56.707317073170735,-0.2767281771771362,0.08438852173481388,0.912618334757989
ENSG00000187764,33.986486486486484,43.19512195121951,-0.3370893511569902,0.010699660784163482,0.912618334757989
ENSG00000215156,25.18918918918919,32.073170731707314,-0.3366899687321287,0.10129476964654582,0.912618334757989
ENSG00000214900,39.851351351351354,45.41463414634146,-0.1841959436571806,0.2559813312958782,0.912618334757989
ENSG00000168497,34.229729729729726,36.34146341463415,-0.08398506097509778,0.06360531712443294,0.912618334757989
ENSG00000258981,1.5810810810810811,4.195121951219512,-1.0091821532009557,0.038250463560507805,0.912618334757989
ENSG00000049759,40.66216216216216,52.26829268292683,-0.35453932782354336,0.13030334976601357,0.912618334757989
ENSG00000179772,3.7567567567567566,7.463414634146342,-0.83126159495183,0.2135279389637743,0.912618334757989
ENSG00000158710,12.905405405405405,12.317073170731707,0.062368764963249876,0.23631547463873848,0.912618334757989
ENSG00000124177,40.270270270270274,46.073170731707314,-0.18980214636945708,0.19881775240305133,0.912618334757989
ENSG00000054803,7.054054054054054,10.146341463414634,-0.46878319560677423,0.06664949077533149,0.912618334757989
ENSG00000087460,40.608108108108105,42.707317073170735,-0.0710101310236531,0.23806625269402648,0.912618334757989
ENSG00000101191,29.39189189189189,33.5609756097561,-0.18545745815106796,0.20812644150624238,0.912618334757989
ENSG00000176533,8.64864864864865,16.024390243902438,-0.8192043231914184,0.028938408732282598,0.912618334757989
ENSG00000142449,25.756756756756758,31.463414634146343,-0.27891150195578607,0.04896229072384164,0.912618334757989
ENSG00000181143,108.77027027027027,125.1219512195122,-0.20033202145171328,0.05396980604806243,0.912618334757989
ENSG00000159164,10.405405405405405,14.292682926829269,-0.42312380510571984,0.11240854207042508,0.912618334757989
ENSG00000080573,21.135135135135137,26.121951219512194,-0.2931227920933648,0.08223426940317312,0.912618334757989
ENSG00000105612,4.081081081081081,10.170731707317072,-1.1365162974301728,0.040585236456537215,0.912618334757989
ENSG00000081019,13.837837837837839,19.097560975609756,-0.4377395491888857,0.20990242145504,0.912618334757989
ENSG00000141837,26.37837837837838,34.19512195121951,-0.362338486700926,0.12162509231782445,0.912618334757989
ENSG00000072958,33.2972972972973,41.63414634146341,-0.31391447667035843,0.030456952330048522,0.912618334757989
ENSG00000213366,15.95945945945946,20.48780487804878,-0.34142792109314535,0.240212056156359,0.912618334757989
ENSG00000130876,6.905405405405405,7.317073170731708,-0.07323647556427162,0.15179868389377935,0.912618334757989
ENSG00000125746,17.283783783783782,21.829268292682926,-0.3203199566177336,0.1573445576003607,0.912618334757989
ENSG00000119547,35.12162162162162,40.19512195121951,-0.1896108515691737,0.22329490817957653,0.912618334757989
ENSG00000105373,11.297297297297296,18.195121951219512,-0.642398451432294,0.04556848180608799,0.912618334757989
ENSG00000078043,45.04054054054054,52.46341463414634,-0.21564721187504635,0.2534878526158262,0.912618334757989
ENSG00000134759,27.06756756756757,33.68292682926829,-0.30532160978563355,0.08223064116575438,0.912618334757989
ENSG00000123684,19.5,25.951219512195124,-0.3947266450426266,0.10625075278987633,0.912618334757989
ENSG00000108666,11.716216216216216,17.4390243902439,-0.536092872503402,0.028339793458535437,0.912618334757989
ENSG00000185379,27.216216216216218,32.51219512195122,-0.24816165325908177,0.2498217846388543,0.912618334757989
ENSG00000143847,25.783783783783782,32.4390243902439,-0.3201729696036037,0.09529834898882923,0.912618334757989
ENSG00000275066,41.7972972972973,44.31707317073171,-0.08253499536532911,0.23578682858944222,0.912618334757989
ENSG00000012983,19.45945945945946,28.024390243902438,-0.5044977292204403,0.0070087686922276765,0.912618334757989
ENSG00000033627,29.243243243243242,34.048780487804876,-0.21275138649180853,0.1549021069113915,0.912618334757989
ENSG00000108883,28.33783783783784,33.73170731707317,-0.24349078136211957,0.1791204379715844,0.912618334757989
ENSG00000150681,17.27027027027027,20.585365853658537,-0.2405555696990416,0.03904110715765616,0.912618334757989
ENSG00000141367,32.851351351351354,38.0,-0.20426069640862723,0.22214485534785777,0.912618334757989
ENSG00000125450,18.716216216216218,15.439024390243903,0.2622580257251665,0.19446635048629213,0.912618334757989
ENSG00000198216,44.66216216216216,50.80487804878049,-0.18208877665121817,0.14505292431899203,0.912618334757989
ENSG00000169696,24.41891891891892,26.682926829268293,-0.1230938096659483,0.23439761248090096,0.912618334757989
ENSG00000169905,42.67567567567568,49.31707317073171,-0.2042179841455561,0.195805859125192,0.912618334757989
ENSG00000162782,15.716216216216216,11.146341463414634,0.4607264918974229,0.0656248133049229,0.912618334757989
ENSG00000075391,38.58108108108108,47.53658536585366,-0.29426159856251044,0.0483757202940555,0.912618334757989
ENSG00000116161,8.716216216216216,13.536585365853659,-0.5812219210337299,0.14763631037438837,0.912618334757989
ENSG00000101745,40.7027027027027,35.53658536585366,0.1907990771011177,0.19271556384535438,0.912618334757989
ENSG00000053747,38.83783783783784,43.5609756097561,-0.16164147054328495,0.2102878667172533,0.912618334757989
ENSG00000078142,36.608108108108105,44.26829268292683,-0.26745716280683085,0.13637426420861143,0.912618334757989
ENSG00000196712,72.02702702702703,79.92682926829268,-0.14818757264104468,0.1869031109051842,0.912618334757989
ENSG00000122484,40.7027027027027,52.19512195121951,-0.35115306908088173,0.04671947238258522,0.912618334757989
ENSG00000162433,15.864864864864865,11.75609756097561,0.4028337216044408,0.23880128592343963,0.912618334757989
ENSG00000210117,22.12162162162162,47.26829268292683,-1.0618332135689648,0.0365836641558537,0.912618334757989
ENSG00000127481,78.06756756756756,84.6829268292683,-0.115921719413968,0.23813850022654548,0.912618334757989
ENSG00000210140,13.04054054054054,20.073170731707318,-0.5858089242701229,0.10771309404522986,0.912618334757989
ENSG00000198804,3994.9594594594596,6445.731707317073,-0.6900259977990251,0.07931378883464346,0.912618334757989
ENSG00000198712,3650.7567567567567,5477.073170731707,-0.585077865563958,0.08656353205774203,0.912618334757989
ENSG00000142621,33.95945945945946,39.048780487804876,-0.1960754341039298,0.24380405018898121,0.912618334757989
ENSG00000228253,1242.5945945945946,1610.7560975609756,-0.37411719047970643,0.19891877156086146,0.912618334757989
ENSG00000198899,3881.5945945945946,5273.682926829269,-0.44206329823728113,0.165499230204588,0.912618334757989
ENSG00000198793,39.013513513513516,46.1219512195122,-0.2359119646690854,0.08809257651747082,0.912618334757989
ENSG00000198938,3262.5,5322.682926829269,-0.7060046090490848,0.11422018337178454,0.912618334757989
ENSG00000198840,1816.2027027027027,2563.512195121951,-0.49696507562283976,0.1745848621558609,0.912618334757989
ENSG00000212907,2031.1351351351352,2621.2195121951218,-0.367792118821858,0.1889054146090685,0.912618334757989
ENSG00000142611,21.16216216216216,25.829268292682926,-0.2757090699174421,0.21873528083787597,0.912618334757989
ENSG00000198886,10633.918918918918,13998.853658536585,-0.39660271248423307,0.14037323277006464,0.912618334757989
ENSG00000198786,10241.445945945947,14986.756097560976,-0.5492241262716635,0.17090656640612023,0.912618334757989
ENSG00000198695,1826.9324324324325,2483.0975609756097,-0.4425090916805642,0.21358941217301985,0.912618334757989
ENSG00000248527,585.2567567567568,804.8780487804878,-0.4590288912098763,0.16196266906695234,0.912618334757989
ENSG00000237973,20.756756756756758,17.317073170731707,0.24827451447684157,0.06053924836931773,0.912618334757989
ENSG00000198727,5514.540540540541,8609.853658536585,-0.6426539884426247,0.16638986689209379,0.912618334757989
ENSG00000198763,9520.5,12025.975609756097,-0.3370131214608114,0.22565199056728502,0.912618334757989
ENSG00000105053,28.14864864864865,30.26829268292683,-0.10127144646915309,0.22435935909139615,0.912618334757989
ENSG00000210082,23366.986486486487,26391.60975609756,-0.17560058542001267,0.23472276656255175,0.912618334757989
ENSG00000188529,27.054054054054053,23.048780487804876,0.22224553096910335,0.24744472279393026,0.912618334757989
ENSG00000063245,38.17567567567568,43.5609756097561,-0.18582266157695781,0.19880445812587244,0.912618334757989
ENSG00000198440,17.783783783783782,25.48780487804878,-0.4958405812043579,0.026611552487087766,0.912618334757989
ENSG00000100030,28.85135135135135,36.53658536585366,-0.3305011739838017,0.0423950966567448,0.912618334757989
ENSG00000279184,110.60810810810811,126.65853658536585,-0.19384817474218335,0.2487657231542929,0.912618334757989
ENSG00000100345,33.58108108108108,37.34146341463415,-0.1489224312300263,0.23916971653518193,0.912618334757989
ENSG00000100106,20.41891891891892,21.853658536585368,-0.0935394736432834,0.2510210283238008,0.912618334757989
ENSG00000100354,54.66216216216216,63.21951219512195,-0.20631475618867207,0.11086710240749224,0.912618334757989
ENSG00000280383,51.95945945945946,60.073170731707314,-0.2056503503412748,0.10695928370118779,0.912618334757989
ENSG00000234869,6.77027027027027,13.073170731707316,-0.8569107238246109,0.15216320162192953,0.912618334757989
ENSG00000156265,21.7027027027027,26.073170731707318,-0.25399980458221183,0.0715292308577135,0.912618334757989
ENSG00000205726,59.527027027027025,70.48780487804878,-0.24011766284471012,0.04609848697844526,0.912618334757989
ENSG00000237945,36.62162162162162,43.146341463414636,-0.23073184713270564,0.25109213202257663,0.912618334757989
ENSG00000157542,44.74324324324324,51.21951219512195,-0.19103032293401656,0.22891570383727822,0.912618334757989
ENSG00000205622,19.635135135135137,27.26829268292683,-0.4540818652204864,0.035723129526107913,0.912618334757989
ENSG00000142173,11.256756756756756,15.609756097560975,-0.43845360849441484,0.057075156628109906,0.912618334757989
ENSG00000060688,12.85135135135135,14.487804878048781,-0.16110594827758598,0.08999233867239254,0.912618334757989
ENSG00000160299,35.986486486486484,43.073170731707314,-0.25290243251050926,0.23925224785207633,0.912618334757989
ENSG00000160305,31.85135135135135,37.63414634146341,-0.2339238030617467,0.12595273847070487,0.912618334757989
ENSG00000210049,106.21621621621621,166.65853658536585,-0.6450028152378828,0.07161486108215376,0.912618334757989
ENSG00000211459,6658.216216216216,7911.243902439024,-0.2487345158538424,0.1051507106577255,0.912618334757989
ENSG00000042781,50.054054054054056,59.829268292682926,-0.25274012445216637,0.10571909648218827,0.912618334757989
ENSG00000113269,29.68918918918919,34.48780487804878,-0.20959280809962436,0.044809698382735484,0.912618334757989
ENSG00000173548,14.64864864864865,16.536585365853657,-0.16432978346092716,0.15560835897654296,0.912618334757989
ENSG00000196975,29.864864864864863,39.34146341463415,-0.3862979448192981,0.041227212559662,0.912618334757989
ENSG00000115977,56.67567567567568,64.65853658536585,-0.1870195947967582,0.12741111386264448,0.912618334757989
ENSG00000238042,4.743243243243243,2.4634146341463414,0.729670550509516,0.1950321399150865,0.912618334757989
ENSG00000136731,34.17567567567568,40.048780487804876,-0.22276122593670278,0.1458358262550429,0.912618334757989
ENSG00000237262,0.9864864864864865,4.439024390243903,-1.4531289160948064,0.03202035211486601,0.912618334757989
ENSG00000140386,36.189189189189186,43.048780487804876,-0.24421878378962647,0.12095501966778965,0.912618334757989
ENSG00000168702,45.270270270270274,50.65853658536585,-0.1589212486020554,0.18394264179494424,0.912618334757989
ENSG00000233694,5.581081081081081,7.512195121951219,-0.37120662513817615,0.15419818539796548,0.912618334757989
ENSG00000140538,63.33783783783784,73.02439024390245,-0.20233324859757246,0.07346140112233797,0.912618334757989
ENSG00000115306,53.54054054054054,62.51219512195122,-0.21970463507014443,0.14265551706814183,0.912618334757989
ENSG00000157823,18.513513513513512,21.51219512195122,-0.20623317176946945,0.16880753708733542,0.912618334757989
ENSG00000167978,30.175675675675677,38.80487804878049,-0.352524414299379,0.09309836379186753,0.912618334757989
ENSG00000188897,33.486486486486484,43.19512195121951,-0.3578559872922319,0.045741665397773475,0.912618334757989
ENSG00000171490,20.66216216216216,16.121951219512194,0.3393301288391212,0.15314618658697457,0.912618334757989
ENSG00000089902,16.37837837837838,19.195121951219512,-0.21671339118224398,0.23555007953569262,0.912618334757989
ENSG00000100784,66.16216216216216,74.17073170731707,-0.1625223710760029,0.2211574436938819,0.912618334757989
ENSG00000129003,55.648648648648646,66.07317073170732,-0.24369426277280032,0.10384780850920519,0.912618334757989
ENSG00000115091,29.054054054054053,35.609756097560975,-0.28466854990804713,0.08592201371268407,0.912618334757989
ENSG00000069667,51.013513513513516,47.53658536585366,0.09981387936896144,0.11480278202106245,0.912618334757989
ENSG00000169756,17.554054054054053,19.48780487804878,-0.14303096852988822,0.22207365583504546,0.912618334757989
ENSG00000135968,27.013513513513512,34.4390243902439,-0.33921594753429263,0.24863684813761988,0.912618334757989
ENSG00000125637,32.2027027027027,39.4390243902439,-0.28444751014445163,0.05427804955656337,0.912618334757989
ENSG00000253440,0.06756756756756757,3.707317073170732,-2.1405776501018434,0.028970589423822624,0.912618334757989
ENSG00000175874,15.756756756756756,18.097560975609756,-0.18864545302766916,0.10553530640246557,0.912618334757989
ENSG00000128731,47.5,58.63414634146341,-0.2981539030343847,0.07532554484046458,0.912618334757989
ENSG00000248905,48.54054054054054,57.31707317073171,-0.23530870518260844,0.09311708918697659,0.912618334757989
ENSG00000090905,34.270270270270274,40.68292682926829,-0.24100395122975837,0.12736829919160472,0.912618334757989
ENSG00000140323,25.527027027027028,32.048780487804876,-0.3171340397859287,0.25452947133004655,0.912618334757989
ENSG00000092470,10.743243243243244,17.073170731707318,-0.6220187265022998,0.13600044488130322,0.912618334757989
ENSG00000166710,77.72972972972973,71.8048780487805,0.11287340897731493,0.024550374411799764,0.912618334757989
ENSG00000244879,37.729729729729726,45.78048780487805,-0.2724654717668515,0.12452742156334895,0.912618334757989
ENSG00000104093,35.891891891891895,44.34146341463415,-0.29752718012313284,0.03348616602719689,0.912618334757989
ENSG00000137776,24.18918918918919,30.195121951219512,-0.30851576523822277,0.18871517986415332,0.912618334757989
ENSG00000140090,40.013513513513516,46.31707317073171,-0.20626149694231177,0.17173862132127082,0.912618334757989
ENSG00000066032,21.945945945945947,26.73170731707317,-0.2732971563500753,0.1574814912144612,0.912618334757989
ENSG00000075568,36.351351351351354,44.34146341463415,-0.27967051554208905,0.22222425066697427,0.912618334757989
ENSG00000174943,10.743243243243244,10.609756097560975,0.016493242495590782,0.2020381299232139,0.912618334757989
ENSG00000186260,41.270270270270274,49.48780487804878,-0.2562916160902013,0.02136742762329681,0.912618334757989
ENSG00000189350,45.41891891891892,56.292682926829265,-0.3036379753176004,0.025464576446441855,0.912618334757989
ENSG00000134324,29.445945945945947,37.78048780487805,-0.34908081294715576,0.15747493255138056,0.912618334757989
ENSG00000183914,47.0,54.26829268292683,-0.20341764048127575,0.16101395639288396,0.912618334757989
ENSG00000125434,5.675675675675675,10.24390243902439,-0.7521570698555264,0.1781189346477159,0.912618334757989
ENSG00000154914,18.16216216216216,12.853658536585366,0.467993336723968,0.1087388160215158,0.912618334757989
ENSG00000007237,24.43243243243243,29.365853658536587,-0.2557804752377727,0.2144834793618341,0.912618334757989
ENSG00000109063,23.43243243243243,29.0,-0.2961649988222806,0.12021476055819942,0.912618334757989
ENSG00000198626,52.33783783783784,61.0,-0.21710887212272162,0.1318625172520014,0.912618334757989
ENSG00000261512,0.40540540540540543,3.707317073170732,-1.7439186801378541,0.06456979453057379,0.912618334757989
ENSG00000007174,47.067567567567565,54.146341463414636,-0.19820137870054488,0.09200845140991003,0.912618334757989
ENSG00000143633,14.594594594594595,20.341463414634145,-0.45261305908507476,0.16685918067564443,0.912618334757989
ENSG00000126777,50.851351351351354,55.829268292682926,-0.13225255094971547,0.21564370290932722,0.912618334757989
ENSG00000154358,69.25675675675676,79.26829268292683,-0.19219323225388918,0.16277754127395705,0.912618334757989
ENSG00000091536,44.4054054054054,53.34146341463415,-0.2591893606847754,0.1541255720141371,0.912618334757989
ENSG00000169432,23.405405405405407,28.4390243902439,-0.27052914428502917,0.19470873704184666,0.912618334757989
ENSG00000141298,34.24324324324324,42.073170731707314,-0.2894428344282545,0.09196353864913857,0.912618334757989
ENSG00000154305,27.27027027027027,33.78048780487805,-0.2989924912078128,0.15489640352909026,0.912618334757989
ENSG00000175662,19.256756756756758,23.585365853658537,-0.2793966165629229,0.20691891485726133,0.912618334757989
ENSG00000126773,48.74324324324324,59.853658536585364,-0.29084342685142783,0.2475305723074097,0.912618334757989
ENSG00000151779,27.64864864864865,31.48780487804878,-0.18143117863156658,0.2534616147793647,0.912618334757989
ENSG00000258877,3.8513513513513513,6.536585365853658,-0.6355243550921895,0.1930652356246143,0.912618334757989
ENSG00000205336,22.2027027027027,24.878048780487806,-0.15743597792349678,0.10558487141085793,0.912618334757989
ENSG00000084774,23.256756756756758,27.26829268292683,-0.2207980833069242,0.22659606822624334,0.912618334757989
ENSG00000021645,36.5,46.26829268292683,-0.33398216030111644,0.009426444970199647,0.912618334757989
ENSG00000089916,58.567567567567565,70.29268292682927,-0.25922696624576125,0.10200568457736163,0.912618334757989
ENSG00000174231,30.864864864864863,38.31707317073171,-0.303189386559071,0.036487641097567726,0.912618334757989
ENSG00000119685,36.74324324324324,41.73170731707317,-0.17908856233208975,0.22106174383031207,0.912618334757989
ENSG00000100614,27.243243243243242,29.975609756097562,-0.1332269157021493,0.206005831028368,0.912618334757989
ENSG00000114999,35.689189189189186,45.75609756097561,-0.349799499987293,0.070185544063137,0.912618334757989
ENSG00000119772,36.08108108108108,40.073170731707314,-0.14751301790444984,0.13944794405174482,0.912618334757989
ENSG00000054654,93.35135135135135,101.46341463414635,-0.11899378994462999,0.15587127011436158,0.912618334757989
ENSG00000119771,21.256756756756758,25.926829268292682,-0.27480097806268017,0.23446415044484337,0.912618334757989
ENSG00000185722,36.2027027027027,41.58536585365854,-0.19495031004474503,0.20918900341292823,0.912618334757989
ENSG00000183091,84.98648648648648,96.78048780487805,-0.18543665690992558,0.25603199262904996,0.912618334757989
ENSG00000179841,16.364864864864863,21.21951219512195,-0.35565596073167643,0.23217290653245193,0.912618334757989
ENSG00000185684,25.27027027027027,31.951219512195124,-0.32690081673076987,0.28896085714936237,0.9142455700491882
ENSG00000112599,2.5945945945945947,6.048780487804878,-0.9715446080103554,0.2580357002505942,0.9142455700491882
ENSG00000155849,29.256756756756758,33.41463414634146,-0.18576482075553272,0.2596013465311575,0.9142455700491882
ENSG00000100852,23.35135135135135,25.926829268292682,-0.14504252197549644,0.2850445503089676,0.9142455700491882
ENSG00000133114,26.972972972972972,29.48780487804878,-0.1241986881736279,0.2904141853297382,0.9142455700491882
ENSG00000198888,13167.972972972973,15716.829268292682,-0.2552591495220223,0.29457522355556254,0.9142455700491882
ENSG00000119720,32.24324324324324,38.0,-0.230412984264596,0.28773824955211436,0.9142455700491882
ENSG00000149761,5.256756756756757,9.585365853658537,-0.7585842101951089,0.294457879421681,0.9142455700491882
ENSG00000270371,1.0135135135135136,4.585365853658536,-1.4719366286456483,0.2652323262065349,0.9142455700491882
ENSG00000154898,8.45945945945946,13.707317073170731,-0.6367044410786221,0.2854639232677928,0.9142455700491882
ENSG00000278540,39.810810810810814,45.951219512195124,-0.2022112572680508,0.2683868392077218,0.9142455700491882
ENSG00000110777,18.14864864864865,20.4390243902439,-0.16299667323625153,0.2771346301731028,0.9142455700491882
ENSG00000175395,9.337837837837839,13.024390243902438,-0.4400035692625893,0.2588045172329435,0.9142455700491882
ENSG00000091592,34.62162162162162,38.829268292682926,-0.16107578156450933,0.27730158377835845,0.9142455700491882
ENSG00000176194,4.675675675675675,8.878048780487806,-0.7994339411167307,0.2897753039719697,0.9142455700491882
ENSG00000175322,30.56756756756757,33.90243902439025,-0.14488475885751662,0.2930856417610622,0.9142455700491882
ENSG00000074755,46.270270270270274,52.51219512195122,-0.17893459749240637,0.28387308007199064,0.9142455700491882
ENSG00000119402,27.716216216216218,32.68292682926829,-0.2301518393564903,0.2877372979514309,0.9142455700491882
ENSG00000196628,59.66216216216216,67.78048780487805,-0.18120242738147715,0.2658767727675092,0.9142455700491882
ENSG00000133665,6.621621621621622,9.195121951219512,-0.41970914069295523,0.28657020266928956,0.9142455700491882
ENSG00000204842,35.0,40.09756097560975,-0.19105587000882465,0.2646240773828614,0.9142455700491882
ENSG00000275017,3.3783783783783785,0.926829268292683,1.184167893696656,0.2583341351351972,0.9142455700491882
ENSG00000148019,38.41891891891892,44.609756097560975,-0.21045424488768735,0.2812021385385921,0.9142455700491882
ENSG00000156218,27.405405405405407,29.73170731707317,-0.11356242543596637,0.2772427826185151,0.9142455700491882
ENSG00000164684,33.391891891891895,38.073170731707314,-0.1841098524565184,0.27472013820249896,0.9142455700491882
ENSG00000171316,46.351351351351354,53.1219512195122,-0.19280825360670406,0.2658541287671503,0.9142455700491882
ENSG00000147548,36.729729729729726,42.0,-0.1886348941213957,0.26213655611416875,0.9142455700491882
ENSG00000105221,35.810810810810814,32.26829268292683,0.14598169797703284,0.2930799250527937,0.9142455700491882
ENSG00000166233,54.24324324324324,55.26829268292683,-0.02652416875622738,0.26964987740480784,0.9142455700491882
ENSG00000076770,24.95945945945946,24.463414634146343,0.02783444608477645,0.2930284689053969,0.9142455700491882
ENSG00000243156,48.45945945945946,44.53658536585366,0.11922035993433666,0.28647779626577075,0.9142455700491882
ENSG00000131171,12.45945945945946,10.317073170731707,0.25011957592964285,0.26547736065749095,0.9142455700491882
ENSG00000177889,7.621621621621622,12.24390243902439,-0.6192971350503584,0.28266453510505674,0.9142455700491882
ENSG00000095637,29.91891891891892,35.34146341463415,-0.2331266395820006,0.2733811101017436,0.9142455700491882
ENSG00000167258,34.28378378378378,31.585365853658537,0.11478108882792346,0.29444374524267225,0.9142455700491882
ENSG00000251364,21.364864864864863,23.29268292682927,-0.1192877913843671,0.29437702731920656,0.9142455700491882
ENSG00000115414,41.9054054054054,46.4390243902439,-0.1449149243375299,0.28516530976881904,0.9142455700491882
ENSG00000039139,46.67567567567568,49.36585365853659,-0.07919258176015315,0.29435128857963166,0.9142455700491882
ENSG00000120251,23.66216216216216,25.536585365853657,-0.10568345360646358,0.27462443604687314,0.9142455700491882
ENSG00000040933,33.24324324324324,37.48780487804878,-0.16858204188351517,0.28907606157032795,0.9142455700491882
ENSG00000077232,48.5,55.609756097560975,-0.1936221826467891,0.27091226886440833,0.9142455700491882
ENSG00000160710,23.62162162162162,28.853658536585368,-0.2779819599014671,0.27214277723330393,0.9142455700491882
ENSG00000163737,20.743243243243242,17.195121951219512,0.2570154294573424,0.2947045607634441,0.9142455700491882
ENSG00000114439,35.108108108108105,42.1219512195122,-0.25609962792824575,0.2722061808850126,0.9142455700491882
ENSG00000244048,0.7297297297297297,3.3658536585365852,-1.335717138275122,0.27257659666768863,0.9142455700491882
ENSG00000163939,27.486486486486488,34.0,-0.2970772309367015,0.2785391538828188,0.9142455700491882
ENSG00000197386,50.86486486486486,55.36585365853659,-0.12006390928311683,0.2799554273004432,0.9142455700491882
ENSG00000144426,40.445945945945944,46.58536585365854,-0.19928697235287307,0.26586167697726515,0.9142455700491882
ENSG00000198099,8.202702702702704,8.121951219512194,0.01271516711356863,0.2811660171229188,0.9142455700491882
ENSG00000158859,23.486486486486488,26.73170731707317,-0.17955065985687882,0.27336974484536347,0.9142455700491882
ENSG00000115677,30.945945945945947,35.170731707317074,-0.17918992328796413,0.2930599155636422,0.9142455700491882
ENSG00000067606,16.7972972972973,21.634146341463413,-0.3468427258819237,0.26189162791831966,0.9142455700491882
ENSG00000163359,56.87837837837838,59.41463414634146,-0.061873552366186746,0.29580788048257967,0.9153855803988287
ENSG00000138246,31.95945945945946,36.707317073170735,-0.19415192213952964,0.29712942350982186,0.9171935554496735
ENSG00000278259,30.513513513513512,33.80487804878049,-0.14331890728613322,0.3150210968201028,0.917827613299212
ENSG00000133030,50.37837837837838,45.46341463414634,0.14506617325700158,0.3067578632643725,0.917827613299212
ENSG00000107929,34.027027027027025,33.048780487804876,0.04086541566410633,0.3108986220421005,0.917827613299212
ENSG00000070501,13.0,21.609756097560975,-0.6915186019498429,0.29950795163313704,0.917827613299212
ENSG00000222031,2.2162162162162162,5.829268292682927,-1.086366614647889,0.3041599600841378,0.917827613299212
ENSG00000175866,23.364864864864863,25.414634146341463,-0.11653520718685165,0.306645199549345,0.917827613299212
ENSG00000132153,18.91891891891892,23.975609756097562,-0.3263805519157965,0.3136030104390293,0.917827613299212
ENSG00000129566,32.7027027027027,35.53658536585366,-0.11647751963994726,0.3080369119329708,0.917827613299212
ENSG00000100722,33.17567567567568,38.02439024390244,-0.19140622912235228,0.29986400421253656,0.917827613299212
ENSG00000135241,14.08108108108108,16.463414634146343,-0.21159582644593505,0.2993751379719086,0.917827613299212
ENSG00000204131,32.36486486486486,39.926829268292686,-0.2947172403079076,0.30399156914516967,0.917827613299212
ENSG00000177200,41.5,46.58536585365854,-0.1630551218532409,0.31370521942309426,0.917827613299212
ENSG00000182985,24.2027027027027,27.658536585365855,-0.18538648732062815,0.30109003968175463,0.917827613299212
ENSG00000073803,30.18918918918919,31.073170731707318,-0.04032093654504846,0.31504211485431155,0.917827613299212
ENSG00000170927,49.36486486486486,53.170731707317074,-0.10509593482899703,0.3122826667397719,0.917827613299212
ENSG00000079805,30.743243243243242,36.048780487804876,-0.22297651750075262,0.30258932297104035,0.917827613299212
ENSG00000109323,22.756756756756758,25.5609756097561,-0.16097024458436895,0.31499912147773645,0.917827613299212
ENSG00000152332,23.45945945945946,26.414634146341463,-0.16455369926122446,0.3080512377184311,0.917827613299212
ENSG00000185518,31.14864864864865,34.926829268292686,-0.16030351962158088,0.3122645199241917,0.917827613299212
ENSG00000035664,36.148648648648646,41.90243902439025,-0.20774993696987407,0.31366510511709167,0.917827613299212
ENSG00000210144,13.18918918918919,22.5609756097561,-0.7316071272931542,0.30854489860137513,0.917827613299212
ENSG00000073331,32.0,35.0,-0.12553088208385899,0.3136756118828299,0.917827613299212
ENSG00000125813,14.337837837837839,13.804878048780488,0.051022514911729225,0.307675627308869,0.917827613299212
ENSG00000073282,19.45945945945946,20.365853658536587,-0.06253893062630796,0.310719982140247,0.917827613299212
ENSG00000165238,25.43243243243243,29.804878048780488,-0.22084962984618475,0.31779130495673547,0.9219611746379257
ENSG00000123908,38.0945945945946,43.34146341463415,-0.1816872372753735,0.3179432025077734,0.9219611746379257
ENSG00000166669,18.62162162162162,23.26829268292683,-0.3066283384461267,0.3206277164732525,0.9254312744610815
ENSG00000112367,12.608108108108109,16.70731707317073,-0.37987913099983206,0.3204346088207316,0.9254312744610815
ENSG00000149256,43.689189189189186,40.26829268292683,0.11489211606029903,0.3236325198535591,0.925514608500753
ENSG00000134243,27.027027027027028,31.585365853658537,-0.21740547467169252,0.32355611679679186,0.925514608500753
ENSG00000270490,5.6891891891891895,9.268292682926829,-0.6182930691102899,0.32159087974080525,0.925514608500753
ENSG00000249119,22.027027027027028,2.341463414634146,2.7847761762544456,0.32313367295621853,0.925514608500753
ENSG00000126001,47.63513513513514,53.58536585365854,-0.1665152950625325,0.3250451134179321,0.9274222960823567
ENSG00000162402,41.83783783783784,47.90243902439025,-0.1910207573263793,0.326501936537108,0.9291125144896665
ENSG00000249669,35.87837837837838,39.36585365853659,-0.13036018343130565,0.32789414357919044,0.9291125144896665
ENSG00000134516,36.648648648648646,40.853658536585364,-0.15275565590915874,0.3278454437544658,0.9291125144896665
ENSG00000133401,40.9054054054054,45.09756097560975,-0.1375540695066787,0.33082364085230254,0.9291125144896665
ENSG00000075151,34.66216216216216,36.8780487804878,-0.08696784007189877,0.3293725832225983,0.9291125144896665
ENSG00000021776,35.567567567567565,40.829268292682926,-0.1939480980945037,0.33086563015990533,0.9291125144896665
ENSG00000041515,28.324324324324323,29.24390243902439,-0.044546438953261935,0.3307434586425194,0.9291125144896665
ENSG00000120549,28.83783783783784,31.829268292682926,-0.13783959884301408,0.33222728858035866,0.9308350157521761
ENSG00000182670,44.74324324324324,48.73170731707317,-0.12060730256510364,0.3337476663499471,0.9329934762681669
ENSG00000198265,43.513513513513516,47.4390243902439,-0.121926428812885,0.33520632143600715,0.934970098355141
ENSG00000107290,37.013513513513516,35.926829268292686,0.04184298631810215,0.3455065991552496,0.9364802000886183
ENSG00000109452,40.229729729729726,42.68292682926829,-0.08338451841817114,0.34857387580031884,0.9364802000886183
ENSG00000175782,47.21621621621622,51.65853658536585,-0.1271489891130665,0.3425442784868289,0.9364802000886183
ENSG00000122786,29.60810810810811,31.341463414634145,-0.07947108618985639,0.3484796887124163,0.9364802000886183
ENSG00000279078,8.243243243243244,5.170731707317073,0.5829575791807217,0.3424594600008386,0.9364802000886183
ENSG00000183117,49.486486486486484,54.5609756097561,-0.13817465300931608,0.34406956802904176,0.9364802000886183
ENSG00000109685,50.13513513513514,56.390243902439025,-0.1664905928957684,0.3425785739076336,0.9364802000886183
ENSG00000156113,49.027027027027025,54.75609756097561,-0.15642186935477043,0.33815602051242355,0.9364802000886183
ENSG00000167986,36.229729729729726,43.68292682926829,-0.2632685456492901,0.34553230640184707,0.9364802000886183
ENSG00000100351,20.81081081081081,21.073170731707318,-0.017250479703653527,0.349943397945889,0.9364802000886183
ENSG00000181789,13.35135135135135,18.463414634146343,-0.43957824642905846,0.3393065794750414,0.9364802000886183
ENSG00000143297,30.27027027027027,34.21951219512195,-0.1715832387905472,0.3381236054749839,0.9364802000886183
ENSG00000115464,42.148648648648646,48.4390243902439,-0.19633489690767145,0.35005087865048834,0.9364802000886183
ENSG00000103657,54.013513513513516,60.390243902439025,-0.1582233560318351,0.3485862409023669,0.9364802000886183
ENSG00000165533,17.594594594594593,19.26829268292683,-0.12434127307911284,0.3423851189101562,0.9364802000886183
ENSG00000137766,32.2972972972973,34.78048780487805,-0.10376797598935467,0.34849871955388967,0.9364802000886183
ENSG00000092847,38.0,41.951219512195124,-0.13922497035087644,0.34104213855160415,0.9364802000886183
ENSG00000088387,40.148648648648646,35.34146341463415,0.17922853643330464,0.34701345193814104,0.9364802000886183
ENSG00000126070,53.71621621621622,58.65853658536585,-0.12476012186179505,0.34707435854591107,0.9364802000886183
ENSG00000012232,31.06756756756757,33.46341463414634,-0.10395072615085747,0.3590915888955576,0.9387637759706055
ENSG00000197558,42.351351351351354,48.073170731707314,-0.17885752436147265,0.3545683933993454,0.9387637759706055
ENSG00000198363,49.108108108108105,52.09756097560975,-0.08360152457354206,0.35758227179802937,0.9387637759706055
ENSG00000198089,32.810810810810814,37.0,-0.16851480490671536,0.3621908042334302,0.9387637759706055
ENSG00000166503,35.013513513513516,41.26829268292683,-0.2310374825244973,0.3622239650047352,0.9387637759706055
ENSG00000178209,36.95945945945946,40.707317073170735,-0.13584106165772808,0.36068655627350066,0.9387637759706055
ENSG00000226674,40.33783783783784,44.34146341463415,-0.13336802437214518,0.35309708173840926,0.9387637759706055
ENSG00000144028,29.27027027027027,32.58536585365854,-0.1499311882008637,0.3606524295883107,0.9387637759706055
ENSG00000143341,49.608108108108105,53.4390243902439,-0.1052726694939403,0.35613118231085583,0.9387637759706055
ENSG00000106344,36.78378378378378,41.926829268292686,-0.1841124291600894,0.35606662864705496,0.9387637759706055
ENSG00000214029,29.756756756756758,31.78048780487805,-0.09193394148304448,0.3545702929910812,0.9387637759706055
ENSG00000089094,35.7972972972973,31.365853658536587,0.18512725066273644,0.3591399646248713,0.9387637759706055
ENSG00000198373,26.7027027027027,29.682926829268293,-0.14740937349734706,0.3621547954816865,0.9387637759706055
ENSG00000002746,32.74324324324324,36.48780487804878,-0.15182270477342505,0.35759176197166054,0.9387637759706055
ENSG00000182645,6.027027027027027,6.219512195121951,-0.0389869136113613,0.35499109353324065,0.9387637759706055
ENSG00000173575,41.2972972972973,43.829268292682926,-0.0838754704799198,0.37622944454785134,0.9412741632095436
ENSG00000188738,46.770270270270274,49.24390243902439,-0.0728354833846854,0.38578321007265215,0.9412741632095436
ENSG00000224699,31.135135135135137,28.414634146341463,0.12761744683470502,0.3793890348720177,0.9412741632095436
ENSG00000258202,3.8783783783783785,1.4878048780487805,0.9715283239048095,0.38279472761340494,0.9412741632095436
ENSG00000136068,33.54054054054054,37.68292682926829,-0.16340629576785,0.37775683714448094,0.9412741632095436
ENSG00000140534,19.43243243243243,24.78048780487805,-0.3354185981724766,0.38405141239772644,0.9412741632095436
ENSG00000198670,12.905405405405405,13.463414634146341,-0.05676238866290122,0.386945973818845,0.9412741632095436
ENSG00000240436,0.8243243243243243,3.5609756097560976,-1.3219802238476717,0.3653809649787678,0.9412741632095436
ENSG00000152256,35.770270270270274,38.31707317073171,-0.09661614828915474,0.38734174008219713,0.9412741632095436
ENSG00000078674,41.33783783783784,45.5609756097561,-0.13717369404375002,0.38416311467992437,0.9412741632095436
ENSG00000173821,79.36486486486487,83.26829268292683,-0.068424995910283,0.3874054433788475,0.9412741632095436
ENSG00000156802,18.675675675675677,22.878048780487806,-0.2792717704158647,0.3682726825049254,0.9412741632095436
ENSG00000228956,36.54054054054054,40.926829268292686,-0.15942430650753464,0.36529118468297905,0.9412741632095436
ENSG00000189091,34.189189189189186,38.46341463414634,-0.1653835202752082,0.38097351752182707,0.9412741632095436
ENSG00000167785,18.972972972972972,24.926829268292682,-0.3763966883958198,0.36987031387082137,0.9412741632095436
ENSG00000130561,32.71621621621622,38.609756097560975,-0.23241317797141928,0.37935893150386246,0.9412741632095436
ENSG00000084112,33.2027027027027,37.292682926829265,-0.16295841267917116,0.38731644078360217,0.9412741632095436
ENSG00000185842,54.83783783783784,59.1219512195122,-0.10664875341108056,0.38737078367969346,0.9412741632095436
ENSG00000196295,56.75675675675676,62.829268292682926,-0.1442283773990898,0.37786226916399424,0.9412741632095436
ENSG00000165699,28.5,31.341463414634145,-0.13267000613266283,0.38567348772713417,0.9412741632095436
ENSG00000113140,19.094594594594593,19.365853658536587,-0.019344816319862176,0.376063579294478,0.9412741632095436
ENSG00000105792,28.527027027027028,26.024390243902438,0.12777403732790626,0.37140775308177854,0.9412741632095436
ENSG00000182621,41.08108108108108,42.46341463414634,-0.04662975345375107,0.3793485824929128,0.9412741632095436
ENSG00000134744,44.445945945945944,50.58536585365854,-0.18281024549159527,0.37781426636290427,0.9412741632095436
ENSG00000135905,34.310810810810814,36.4390243902439,-0.08443289194838684,0.37939938192679756,0.9412741632095436
ENSG00000084674,40.054054054054056,42.8780487804878,-0.09597467776026473,0.3761889324440211,0.9412741632095436
ENSG00000171914,48.7027027027027,53.65853658536585,-0.13712253010932177,0.37309085077927895,0.9412741632095436
ENSG00000048707,64.95945945945945,70.39024390243902,-0.1141473550259328,0.3858141471054237,0.9412741632095436
ENSG00000147862,29.486486486486488,31.682926829268293,-0.10036729395720737,0.3667888494012673,0.9412741632095436
ENSG00000137809,28.824324324324323,31.48780487804878,-0.1234088138025142,0.3745883377446124,0.9412741632095436
ENSG00000137877,33.87837837837838,38.073170731707314,-0.16384536732560623,0.3699100003917022,0.9412741632095436
ENSG00000210112,27.405405405405407,28.951219512195124,-0.07644925241886708,0.3759702239179633,0.9412741632095436
ENSG00000196705,33.71621621621622,37.36585365853659,-0.14421314152573592,0.39056749447669337,0.9434697182853242
ENSG00000047849,41.37837837837838,43.24390243902439,-0.06215025742418018,0.39058432871136817,0.9434697182853242
ENSG00000131149,31.324324324324323,35.829268292682926,-0.1882325210252024,0.39053943441128325,0.9434697182853242
ENSG00000104290,28.7972972972973,31.682926829268293,-0.13335570591111803,0.4002065324770082,0.943556323844967
ENSG00000146021,31.256756756756758,34.390243902439025,-0.1337503139958339,0.4118577844435829,0.943556323844967
ENSG00000181396,17.905405405405407,18.341463414634145,-0.03289816955009092,0.41001370499156176,0.943556323844967
ENSG00000233086,10.756756756756756,12.414634146341463,-0.19031757868679747,0.4013523267283935,0.943556323844967
ENSG00000143995,27.45945945945946,23.097560975609756,0.24002112843017323,0.3969862821933222,0.943556323844967
ENSG00000066427,69.52702702702703,72.5609756097561,-0.06076438765901143,0.4085997821487196,0.943556323844967
ENSG00000070423,5.648648648648648,10.146341463414634,-0.7454372107296962,0.39520587809930896,0.943556323844967
ENSG00000152242,26.33783783783784,27.75609756097561,-0.07296875943234582,0.3921317517919205,0.943556323844967
ENSG00000104517,39.932432432432435,43.65853658536585,-0.12569157401283068,0.4102198258069347,0.943556323844967
ENSG00000007372,31.635135135135137,34.34146341463415,-0.11493576684465992,0.4068264054412062,0.943556323844967
ENSG00000227115,33.17567567567568,35.707317073170735,-0.10309781099469204,0.40520602482661183,0.943556323844967
ENSG00000116396,54.445945945945944,59.34146341463415,-0.1220677070947008,0.39546106887490007,0.943556323844967
ENSG00000198393,42.7972972972973,48.80487804878049,-0.18544520657082697,0.39384298078576996,0.943556323844967
ENSG00000140836,38.5945945945946,42.63414634146341,-0.1401540837531639,0.4035655804409706,0.943556323844967
ENSG00000077157,50.986486486486484,55.707317073170735,-0.12539824759700743,0.41024107292267686,0.943556323844967
ENSG00000198947,39.891891891891895,49.073170731707314,-0.29222300090273085,0.4069004943445703,0.943556323844967
ENSG00000151067,48.810810810810814,52.8780487804878,-0.11323870873542745,0.39220837898173777,0.943556323844967
ENSG00000178607,26.243243243243242,30.951219512195124,-0.22997253393576234,0.395357535217285,0.943556323844967
ENSG00000269959,8.905405405405405,12.0,-0.39222369563623005,0.40121812044907146,0.943556323844967
ENSG00000113441,35.4054054054054,34.170731707317074,0.04977732521061432,0.41180886569123365,0.943556323844967
ENSG00000105483,31.972972972972972,36.53658536585366,-0.18701344488882804,0.3970077183877294,0.943556323844967
ENSG00000281344,428.3243243243243,451.2682926829268,-0.07511094183723738,0.41030849459143515,0.943556323844967
ENSG00000068650,33.58108108108108,36.26829268292683,-0.10796575700716832,0.4068393729521135,0.943556323844967
ENSG00000164219,23.08108108108108,22.73170731707317,0.021084265729944256,0.40678193911224336,0.943556323844967
ENSG00000183495,45.33783783783784,49.97560975609756,-0.13761639904347678,0.4085368922181084,0.943556323844967
ENSG00000166473,45.71621621621622,43.048780487804876,0.08482134977067447,0.41173685039417096,0.943556323844967
ENSG00000133026,28.5,31.853658536585368,-0.15533908148237835,0.41011355662964244,0.943556323844967
ENSG00000015153,26.905405405405407,27.975609756097562,-0.0542944155048241,0.4084628790215018,0.943556323844967
ENSG00000128833,31.35135135135135,33.609756097560975,-0.09735279812791527,0.4321184662450035,0.9447370334073539
ENSG00000171435,41.729729729729726,42.46341463414634,-0.024561330174417372,0.4286760657119669,0.9447370334073539
ENSG00000133313,28.87837837837838,32.97560975609756,-0.1853975937958932,0.416860275086941,0.9447370334073539
ENSG00000106772,37.391891891891895,41.707317073170735,-0.1536816132548827,0.4184904200999331,0.9447370334073539
ENSG00000156256,18.2027027027027,18.634146341463413,-0.032055494770065016,0.43193664961371525,0.9447370334073539
ENSG00000128294,16.68918918918919,20.609756097560975,-0.2888148676206436,0.4182716486253568,0.9447370334073539
ENSG00000170153,24.45945945945946,26.29268292682927,-0.10031243237447686,0.43202485204447916,0.9447370334073539
ENSG00000196922,21.824324324324323,22.975609756097562,-0.07099535455006115,0.4167701322227826,0.9447370334073539
ENSG00000117139,35.851351351351354,38.65853658536585,-0.10591391817063037,0.4287116044675463,0.9447370334073539
ENSG00000215182,33.5,33.951219512195124,-0.018746432865893017,0.42181977453774644,0.9447370334073539
ENSG00000124493,35.5945945945946,39.609756097560975,-0.15019579939449365,0.42354630056552856,0.9447370334073539
ENSG00000128815,37.5,40.707317073170735,-0.11544206446027523,0.41839760956056704,0.9447370334073539
ENSG00000120071,37.78378378378378,35.170731707317074,0.10063077809755332,0.43209665727996627,0.9447370334073539
ENSG00000075415,22.04054054054054,26.634146341463413,-0.2622774829198469,0.4234941278127029,0.9447370334073539
ENSG00000270039,1.027027027027027,4.146341463414634,-1.3441818592221704,0.4254910034419064,0.9447370334073539
ENSG00000115970,43.5,42.75609756097561,0.024321260665220244,0.4304298965675425,0.9447370334073539
ENSG00000160703,14.013513513513514,12.292682926829269,0.17562932071393716,0.4266657041614229,0.9447370334073539
ENSG00000164151,25.41891891891892,27.682926829268293,-0.11862081365251587,0.426894076731015,0.9447370334073539
ENSG00000118855,16.64864864864865,19.70731707317073,-0.23058292301747382,0.43014399565641903,0.9447370334073539
ENSG00000090863,33.945945945945944,36.8780487804878,-0.11623691558791291,0.4202622597773572,0.9447370334073539
ENSG00000179583,32.24324324324324,37.390243902439025,-0.2076785862917503,0.41853634985062727,0.9447370334073539
ENSG00000184602,9.405405405405405,11.902439024390244,-0.31031063754262816,0.4288503693640856,0.9447370334073539
ENSG00000103769,20.054054054054053,24.829268292682926,-0.2949087169415335,0.42682559300644285,0.9447370334073539
ENSG00000116329,21.87837837837838,23.658536585365855,-0.1081023850182391,0.42010169696624833,0.9447370334073539
ENSG00000200887,0.581081081081081,3.5609756097560976,-1.5284311013150982,0.4151050328586854,0.9447370334073539
ENSG00000143190,38.25675675675676,42.51219512195122,-0.14847881263927962,0.4319502917963137,0.9447370334073539
ENSG00000236445,10.972972972972974,14.268292682926829,-0.35075731938846605,0.4667650666124571,0.9465045033952462
ENSG00000107736,39.270270270270274,41.292682926829265,-0.07069292888317687,0.4389920480308229,0.9465045033952462
ENSG00000246731,6.621621621621622,6.073170731707317,0.10774090137299304,0.44342297121333885,0.9465045033952462
ENSG00000100731,44.21621621621622,48.48780487804878,-0.13023278072917222,0.44946779735555586,0.9465045033952462
ENSG00000227841,3.081081081081081,7.585365853658536,-1.0729282403230846,0.4399826085887295,0.9465045033952462
ENSG00000148734,21.013513513513512,24.609756097560975,-0.21830408503883347,0.4651724541437793,0.9465045033952462
ENSG00000157106,58.36486486486486,62.8780487804878,-0.10571092126870077,0.4425054259599288,0.9465045033952462
ENSG00000173064,58.45945945945946,62.09756097560975,-0.08567789128358505,0.440773432569029,0.9465045033952462
ENSG00000019995,7.418918918918919,10.926829268292684,-0.5025036629390979,0.46521874807545593,0.9465045033952462
ENSG00000134852,29.635135135135137,32.390243902439025,-0.12423941652797968,0.4476073212232673,0.9465045033952462
ENSG00000271503,19.824324324324323,19.609756097560975,0.014942254334372502,0.44384266722669186,0.9465045033952462
ENSG00000101639,32.554054054054056,33.02439024390244,-0.02008222155057509,0.4653072808876969,0.9465045033952462
ENSG00000110693,48.851351351351354,51.926829268292686,-0.08636661464788897,0.4424757125407106,0.9465045033952462
ENSG00000139618,33.08108108108108,37.53658536585366,-0.17725764374711164,0.46711090656355336,0.9465045033952462
ENSG00000074657,26.7027027027027,28.341463414634145,-0.08291409379413409,0.4564059102164981,0.9465045033952462
ENSG00000102780,51.445945945945944,48.829268292682926,0.07383786804135466,0.45468285071892667,0.9465045033952462
ENSG00000141252,55.91891891891892,60.68292682926829,-0.11596296164838751,0.4564690185577329,0.9465045033952462
ENSG00000227177,1.5405405405405406,5.024390243902439,-1.2456797409179066,0.454296972701295,0.9465045033952462
ENSG00000138835,37.7972972972973,42.75609756097561,-0.17352792072294562,0.4564725733137417,0.9465045033952462
ENSG00000103150,35.32432432432432,38.58536585365854,-0.12403122278007737,0.4441756794628795,0.9465045033952462
ENSG00000222405,0.3918918918918919,3.292682926829268,-1.624832452464945,0.46056873013373967,0.9465045033952462
ENSG00000175820,51.648648648648646,57.048780487804876,-0.14086925712382978,0.44946242962340754,0.9465045033952462
ENSG00000188338,8.297297297297296,12.268292682926829,-0.5130994475591075,0.4414137804774876,0.9465045033952462
ENSG00000139641,16.10810810810811,20.24390243902439,-0.31236858018138924,0.4387344188298621,0.9465045033952462
ENSG00000169435,18.094594594594593,20.195121951219512,-0.150567977491327,0.4371410782567432,0.9465045033952462
ENSG00000061676,49.270270270270274,53.41463414634146,-0.11428925325961273,0.4600260632628381,0.9465045033952462
ENSG00000113719,35.608108108108105,37.63414634146341,-0.07771330288846141,0.45467394702421593,0.9465045033952462
ENSG00000210077,143.45945945945945,117.7560975609756,0.28266308632785936,0.4671654060166247,0.9465045033952462
ENSG00000083067,49.689189189189186,51.19512195121951,-0.04223689463790578,0.4671117857177599,0.9465045033952462
ENSG00000101162,16.85135135135135,12.902439024390244,0.36069528118385746,0.45958367920886933,0.9465045033952462
ENSG00000001461,31.14864864864865,27.926829268292682,0.15234990086826466,0.451124507284538,0.9465045033952462
ENSG00000100395,15.905405405405405,16.0,-0.008050132713469493,0.44394803462905164,0.9465045033952462
ENSG00000196730,25.864864864864863,27.878048780487806,-0.10425268507752979,0.4563703466947936,0.9465045033952462
ENSG00000164953,28.58108108108108,25.585365853658537,0.15404245850579137,0.4634773862917996,0.9465045033952462
ENSG00000105877,48.527027027027025,51.292682926829265,-0.07839306844746435,0.452986952589406,0.9465045033952462
ENSG00000169876,41.891891891891895,43.951219512195124,-0.06765530380639734,0.4511968732272583,0.9465045033952462
ENSG00000248257,6.445945945945946,4.341463414634147,0.47922008795911797,0.462982512310267,0.9465045033952462
ENSG00000213949,37.95945945945946,40.048780487804876,-0.07536570084590852,0.4653187321246507,0.9465045033952462
ENSG00000159263,16.35135135135135,22.0,-0.4065858345636595,0.4387968241588712,0.9465045033952462
ENSG00000129292,44.554054054054056,48.02439024390244,-0.10592023509294675,0.43902637230142927,0.9465045033952462
ENSG00000165671,43.32432432432432,47.073170731707314,-0.11713332254890578,0.45648234853892133,0.9465045033952462
ENSG00000145495,33.486486486486484,37.5609756097561,-0.16111039960436763,0.4653266594794514,0.9465045033952462
ENSG00000184677,24.91891891891892,29.121951219512194,-0.21680968246477528,0.44587335549127183,0.9465045033952462
ENSG00000197375,31.283783783783782,35.46341463414634,-0.17563999164000127,0.46355946400484027,0.9465045033952462
ENSG00000084072,21.18918918918919,23.73170731707317,-0.15650488623640177,0.4651962544005691,0.9465045033952462
ENSG00000215193,43.013513513513516,40.707317073170735,0.07764603361177712,0.4706662954838742,0.9465786809036284
ENSG00000279159,108.95945945945945,116.78048780487805,-0.09912883382320034,0.4689910759236332,0.9465786809036284
ENSG00000125633,22.56756756756757,21.658536585365855,0.056748177383407275,0.4723876692776837,0.9465786809036284
ENSG00000179335,44.770270270270274,50.46341463414634,-0.16913637311125646,0.47252842511346727,0.9465786809036284
ENSG00000233183,26.0,28.682926829268293,-0.13667394593217622,0.47240166240880976,0.9465786809036284
ENSG00000182256,24.486486486486488,25.097560975609756,-0.03418248162427879,0.4706058455743888,0.9465786809036284
ENSG00000164627,35.310810810810814,39.41463414634146,-0.15447864221915164,0.47071534127270864,0.9465786809036284
ENSG00000185303,5.635135135135135,8.195121951219512,-0.4707428599648374,0.52782807662066,0.9468502826158208
ENSG00000170776,51.74324324324324,58.46341463414634,-0.17301602419212647,0.5262911930944199,0.9468502826158208
ENSG00000048540,25.08108108108108,28.78048780487805,-0.19136371384282652,0.5073147523017283,0.9468502826158208
ENSG00000124486,27.14864864864865,34.41463414634146,-0.33127997496596984,0.5035816116348756,0.9468502826158208
ENSG00000163618,35.108108108108105,37.951219512195124,-0.10934566594804666,0.48156552424375587,0.9468502826158208
ENSG00000198482,11.702702702702704,15.024390243902438,-0.3351339747681958,0.4811636388684295,0.9468502826158208
ENSG00000198838,53.91891891891892,58.707317073170735,-0.12060451693135205,0.528226765382138,0.9468502826158208
ENSG00000124721,50.4054054054054,47.26829268292683,0.09084427280218517,0.5074178388793378,0.9468502826158208
ENSG00000170322,21.85135135135135,22.097560975609756,-0.01546103206926792,0.48687473121157354,0.9468502826158208
ENSG00000145555,37.2972972972973,38.853658536585364,-0.057469586238530955,0.5262471073988991,0.9468502826158208
ENSG00000082805,38.270270270270274,41.390243902439025,-0.11029474019242498,0.5092298271701384,0.9468502826158208
ENSG00000135837,43.108108108108105,49.4390243902439,-0.19349648935430522,0.47974416472023595,0.9468502826158208
ENSG00000147251,20.89189189189189,19.29268292682927,0.10943701862002861,0.518493509077053,0.9468502826158208
ENSG00000214548,39.04054054054054,41.951219512195124,-0.10123764388079223,0.5130360392237605,0.9468502826158208
ENSG00000154262,42.04054054054054,44.146341463414636,-0.06891288373777758,0.5281860658382869,0.9468502826158208
ENSG00000115239,12.54054054054054,15.829268292682928,-0.3136871194811891,0.47399428942937427,0.9468502826158208
ENSG00000141219,11.527027027027026,12.853658536585366,-0.1452229518900174,0.47912841069684875,0.9468502826158208
ENSG00000169247,34.71621621621622,38.609756097560975,-0.1492765685544724,0.4851797647563867,0.9468502826158208
ENSG00000130827,17.27027027027027,23.463414634146343,-0.4211278153408625,0.486828261385716,0.9468502826158208
ENSG00000150347,21.89189189189189,24.609756097560975,-0.1618568142321525,0.4869229089696663,0.9468502826158208
ENSG00000035403,35.270270270270274,35.21951219512195,0.002020379501189346,0.48519096561543285,0.9468502826158208
ENSG00000073584,27.135135135135137,24.195121951219512,0.1592284534234915,0.4924869668255242,0.9468502826158208
ENSG00000154920,5.6891891891891895,8.268292682926829,-0.4704722543748418,0.5110767829894077,0.9468502826158208
ENSG00000116095,35.0,35.170731707317074,-0.006825876394234478,0.5017606085380826,0.9468502826158208
ENSG00000112096,41.71621621621622,44.21951219512195,-0.08216156973189823,0.4925330890550119,0.9468502826158208
ENSG00000164458,5.945945945945946,10.951219512195122,-0.7829147508195586,0.5169653376990228,0.9468502826158208
ENSG00000102908,38.729729729729726,40.63414634146341,-0.06754826431487748,0.5111132692830088,0.9468502826158208
ENSG00000159216,40.567567567567565,43.51219512195122,-0.09874232170378176,0.498043599260366,0.9468502826158208
ENSG00000120694,19.527027027027028,22.951219512195124,-0.2225744208234758,0.49058670299478335,0.9468502826158208
ENSG00000084734,10.797297297297296,10.390243902439025,0.050657742908911826,0.5066528037500615,0.9468502826158208
ENSG00000163029,29.7027027027027,33.170731707317074,-0.15439548193700223,0.48517631819291673,0.9468502826158208
ENSG00000280046,12.162162162162161,16.146341463414632,-0.3815042780010592,0.4775638844339104,0.9468502826158208
ENSG00000139697,36.86486486486486,34.926829268292686,0.07579816438410265,0.522421957260438,0.9468502826158208
ENSG00000115183,36.851351351351354,40.41463414634146,-0.1297958364893982,0.5017724280582946,0.9468502826158208
ENSG00000188730,23.2027027027027,23.73170731707317,-0.031193676028245382,0.5129661700582742,0.9468502826158208
ENSG00000279089,10.608108108108109,8.414634146341463,0.3021559228595173,0.5045205953146239,0.9468502826158208
ENSG00000089154,27.89189189189189,31.78048780487805,-0.18217264606913589,0.4833197991364855,0.9468502826158208
ENSG00000279080,45.08108108108108,48.80487804878049,-0.11211248797713282,0.47975370105124726,0.9468502826158208
ENSG00000089250,33.810810810810814,36.146341463414636,-0.09368470938354127,0.5148850320882763,0.9468502826158208
ENSG00000279217,35.945945945945944,33.78048780487805,0.0871379001513057,0.5091704556666318,0.9468502826158208
ENSG00000182944,29.756756756756758,32.048780487804876,-0.10369365494551791,0.5224252415563545,0.9468502826158208
ENSG00000076356,35.86486486486486,38.34146341463415,-0.09380415514233648,0.52434261578009,0.9468502826158208
ENSG00000183023,47.87837837837838,50.951219512195124,-0.08796119346829254,0.5168023230435661,0.9468502826158208
ENSG00000187109,62.108108108108105,54.609756097560975,0.1824873645340542,0.5205961082438283,0.9468502826158208
ENSG00000275023,28.16216216216216,26.585365853658537,0.08019457448733024,0.5281510558712137,0.9468502826158208
ENSG00000136813,29.756756756756758,27.75609756097561,0.09703547831595312,0.5091712920331712,0.9468502826158208
ENSG00000118596,30.594594594594593,31.78048780487805,-0.05315956925797009,0.5148559921670275,0.9468502826158208
ENSG00000123384,48.36486486486486,49.63414634146341,-0.036626051006728694,0.49253223505263244,0.9468502826158208
ENSG00000278399,3.2837837837837838,1.3414634146341464,0.8714751684073849,0.49355418311576527,0.9468502826158208
ENSG00000279324,5.675675675675675,9.292682926829269,-0.6246333181333736,0.5031705953007634,0.9468502826158208
ENSG00000127311,34.0945945945946,37.146341463414636,-0.12029585963981097,0.522468752134961,0.9468502826158208
ENSG00000092201,22.513513513513512,23.073170731707318,-0.033936044731173245,0.4979163065305654,0.9468502826158208
ENSG00000159788,33.972972972972975,32.80487804878049,0.04900899884442795,0.47791610779575155,0.9468502826158208
ENSG00000158445,28.68918918918919,31.878048780487806,-0.14718698776944786,0.5224342730236833,0.9468502826158208
ENSG00000177459,6.554054054054054,9.390243902439025,-0.4599065083935142,0.5203369047637147,0.9468502826158208
ENSG00000251441,7.243243243243243,8.804878048780488,-0.2502876197395462,0.500765636348177,0.9468502826158208
ENSG00000101096,20.58108108108108,23.70731707317073,-0.19517122240077164,0.5166218647859386,0.9468502826158208
ENSG00000172061,15.27027027027027,12.902439024390244,0.22690020669673194,0.5107852067397483,0.9468502826158208
ENSG00000075292,40.445945945945944,37.1219512195122,0.1206090272564889,0.5167965316248828,0.9468502826158208
ENSG00000115548,36.851351351351354,37.8780487804878,-0.03861100692683122,0.5282023469098216,0.9468502826158208
ENSG00000179532,46.04054054054054,51.048780487804876,-0.14595972311160849,0.5055383659029786,0.9468502826158208
ENSG00000128915,38.91891891891892,42.46341463414634,-0.12272887176799872,0.4797380958764039,0.9468502826158208
ENSG00000209082,56.229729729729726,48.0,0.22398304447540296,0.4779230582145617,0.9468502826158208
ENSG00000064042,34.0945945945946,35.68292682926829,-0.06385991401009589,0.49621437684389935,0.9468502826158208
ENSG00000197535,38.027027027027025,41.78048780487805,-0.13247936656842835,0.5262552723377407,0.9468502826158208
ENSG00000179387,13.986486486486486,17.26829268292683,-0.2856796193079073,0.5165729906996341,0.9468502826158208
ENSG00000130816,28.256756756756758,32.5609756097561,-0.19801480609887687,0.49989351093859735,0.9468502826158208
ENSG00000137076,45.270270270270274,44.853658536585364,0.013048678825281351,0.5073751034409746,0.9468502826158208
ENSG00000197959,33.12162162162162,34.68292682926829,-0.06454774262283343,0.5073575032940312,0.9468502826158208
ENSG00000205300,2.824324324324324,7.073170731707317,-1.0779305249862017,0.5018636626155761,0.9468502826158208
ENSG00000137831,31.41891891891892,32.19512195121951,-0.034135270221426164,0.4962177774541966,0.9468502826158208
ENSG00000168769,41.82432432432432,44.609756097560975,-0.0909119714036315,0.49253138104599015,0.9468502826158208
ENSG00000117586,8.77027027027027,12.829268292682928,-0.5012544490019772,0.5194266201811626,0.9468502826158208
ENSG00000198612,13.121621621621621,12.439024390243903,0.07147735738622144,0.5625756888282206,0.9483741100182578
ENSG00000198586,33.37837837837838,30.24390243902439,0.1379268339318427,0.5869784476538378,0.9483741100182578
ENSG00000165219,40.310810810810814,43.292682926829265,-0.1005490114148108,0.5513158574266788,0.9483741100182578
ENSG00000170242,30.513513513513512,32.97560975609756,-0.10852883041162273,0.5493749317428712,0.9483741100182578
ENSG00000105821,19.66216216216216,21.146341463414632,-0.10007715694097638,0.5356902104899502,0.9483741100182578
ENSG00000221866,35.82432432432432,39.390243902439025,-0.13334780395854026,0.5591628237510617,0.9483741100182578
ENSG00000152767,62.36486486486486,66.82926829268293,-0.09822482663673239,0.5790133916587547,0.9483741100182578
ENSG00000185070,76.71621621621621,81.36585365853658,-0.08383070262903597,0.5611771598762281,0.9483741100182578
ENSG00000038219,43.729729729729726,47.292682926829265,-0.11057057428325809,0.5829725722768436,0.9483741100182578
ENSG00000197081,40.33783783783784,45.0,-0.15417093012776012,0.5890310794470659,0.9483741100182578
ENSG00000122591,34.54054054054054,37.36585365853659,-0.11035723224688804,0.5930340272470425,0.9483741100182578
ENSG00000213047,29.594594594594593,32.51219512195122,-0.13140940699708403,0.5473283228174896,0.9483741100182578
ENSG00000118058,58.189189189189186,61.53658536585366,-0.07936675314107146,0.5572409961667555,0.9483741100182578
ENSG00000101335,14.027027027027026,10.902439024390244,0.33630237414975495,0.5588374871636482,0.9483741100182578
ENSG00000258056,4.162162162162162,2.4390243902439024,0.5859761146260891,0.5468249129515084,0.9483741100182578
ENSG00000106948,25.716216216216218,30.073170731707318,-0.2179537675379586,0.5513237148493506,0.9483741100182578
ENSG00000131711,33.067567567567565,33.78048780487805,-0.029879224596214515,0.5650605611796422,0.9483741100182578
ENSG00000136436,24.64864864864865,22.170731707317074,0.14657921279193306,0.5849094131752619,0.9483741100182578
ENSG00000281189,6.148648648648648,5.585365853658536,0.11840695405232886,0.5807843693052717,0.9483741100182578
ENSG00000067221,25.743243243243242,24.0,0.09724634164383752,0.5929457068844615,0.9483741100182578
ENSG00000177119,27.716216216216218,25.24390243902439,0.12988340234493642,0.5869467012349099,0.9483741100182578
ENSG00000170959,39.13513513513514,40.4390243902439,-0.04612428250695835,0.5910521514600711,0.9483741100182578
ENSG00000145391,36.148648648648646,40.58536585365854,-0.16276619340944778,0.5591535161878309,0.9483741100182578
ENSG00000110906,25.283783783783782,28.682926829268293,-0.17546037385104024,0.574922134763737,0.9483741100182578
ENSG00000127914,58.608108108108105,63.58536585365854,-0.11569872272586647,0.5730376157601917,0.9483741100182578
ENSG00000198399,37.391891891891895,34.73170731707317,0.10359680586906497,0.5571841959778407,0.9483741100182578
ENSG00000103494,34.28378378378378,36.78048780487805,-0.0986360474875927,0.5869695889213391,0.9483741100182578
ENSG00000172955,12.08108108108108,9.731707317073171,0.2856021627390688,0.5334758165638931,0.9483741100182578
ENSG00000136891,21.986486486486488,22.024390243902438,-0.00237698470932223,0.5929865895433541,0.9483741100182578
ENSG00000079819,30.256756756756758,30.073170731707318,0.00849862736902417,0.5709488661651567,0.9483741100182578
ENSG00000004660,19.56756756756757,17.390243902439025,0.161430569224015,0.559019266977109,0.9483741100182578
ENSG00000136279,29.2972972972973,30.29268292682927,-0.046636253295121874,0.5415078544237429,0.9483741100182578
ENSG00000085265,15.905405405405405,13.487804878048781,0.2226455923541877,0.5395470802029669,0.9483741100182578
ENSG00000074356,35.5945945945946,38.75609756097561,-0.11954558655430914,0.5494182761556907,0.9483741100182578
ENSG00000179965,12.58108108108108,12.097560975609756,0.052300147070012175,0.5666538448411331,0.9483741100182578
ENSG00000226995,10.22972972972973,8.341463414634147,0.2656027238345213,0.5327829271409672,0.9483741100182578
ENSG00000113558,31.93243243243243,30.121951219512194,0.08157656094760542,0.5690137014092533,0.9483741100182578
ENSG00000065526,35.608108108108105,40.53658536585366,-0.1822194024873943,0.5730141443714305,0.9483741100182578
ENSG00000125107,30.716216216216218,33.24390243902439,-0.11062645479225636,0.578960203804169,0.9483741100182578
ENSG00000198445,4.878378378378378,6.439024390243903,-0.3396952027250242,0.5547952955398863,0.9483741100182578
ENSG00000167522,37.08108108108108,40.707317073170735,-0.1312260744744899,0.580936424657172,0.9483741100182578
ENSG00000244734,183.55405405405406,184.53658536585365,-0.007660266055542769,0.5931149980660808,0.9483741100182578
ENSG00000136828,28.2027027027027,30.682926829268293,-0.11760371959923994,0.5769385064082488,0.9483741100182578
ENSG00000128487,39.810810810810814,35.853658536585364,0.14714352803674619,0.5454749184281324,0.9483741100182578
ENSG00000105793,26.22972972972973,26.829268292682926,-0.03142031388421796,0.5571320451662931,0.9483741100182578
ENSG00000116127,39.9054054054054,42.73170731707317,-0.09638817405172755,0.5810118161859681,0.9483741100182578
ENSG00000154380,34.486486486486484,37.390243902439025,-0.11346998562546567,0.5301040118627189,0.9483741100182578
ENSG00000170482,8.175675675675675,10.707317073170731,-0.35152419237465293,0.5585371390944127,0.9483741100182578
ENSG00000185278,46.24324324324324,50.146341463414636,-0.11452303760686047,0.5790066506467961,0.9483741100182578
ENSG00000164924,27.45945945945946,27.951219512195124,-0.024715859627056046,0.53578364531299,0.9483741100182578
ENSG00000148842,35.17567567567568,32.292682926829265,0.11981482682269713,0.5730050576383916,0.9483741100182578
ENSG00000172890,40.972972972972975,42.53658536585366,-0.05276760554002691,0.5869961634161425,0.9483741100182578
ENSG00000095713,7.405405405405405,10.536585365853659,-0.45682696421965885,0.5880520201347117,0.9483741100182578
ENSG00000108219,39.770270270270274,45.68292682926829,-0.19537749435018922,0.553315054549488,0.9483741100182578
ENSG00000116667,29.824324324324323,27.121951219512194,0.1323725726494995,0.5769836265654746,0.9483741100182578
ENSG00000186376,12.175675675675675,13.707317073170731,-0.1586571442739778,0.5627688658057247,0.9483741100182578
ENSG00000266217,1.027027027027027,3.2439024390243905,-1.0660261663637134,0.5570059008498696,0.9483741100182578
ENSG00000166557,46.391891891891895,49.90243902439025,-0.10309453091788855,0.5631167142543116,0.9483741100182578
ENSG00000145012,62.08108108108108,66.1951219512195,-0.09114911876203784,0.5730535135450543,0.9483741100182578
ENSG00000128881,23.72972972972973,27.146341463414632,-0.1867009364849436,0.5453717742131781,0.9483741100182578
ENSG00000078114,35.4054054054054,37.63414634146341,-0.08572384562817269,0.5749538391395892,0.9483741100182578
ENSG00000147526,32.729729729729726,36.75609756097561,-0.16268889829302827,0.5435093087735445,0.9483741100182578
ENSG00000140526,23.33783783783784,27.609756097560975,-0.23330619313309853,0.5789279816832476,0.9483741100182578
ENSG00000169918,30.472972972972972,34.51219512195122,-0.17420107699869636,0.5473615484994426,0.9483741100182578
ENSG00000075651,34.7972972972973,36.73170731707317,-0.0759267140902797,0.5415980530335566,0.9483741100182578
ENSG00000101680,40.12162162162162,38.24390243902439,0.06742864678028335,0.5849901928540018,0.9483741100182578
ENSG00000162552,11.945945945945946,12.073170731707316,-0.014108705732458203,0.5431109376586862,0.9483741100182578
ENSG00000053524,48.08108108108108,51.609756097560975,-0.10016333488040512,0.5651196792205548,0.9483741100182578
ENSG00000112079,12.405405405405405,16.414634146341463,-0.3774853146530905,0.5805633502659082,0.9483741100182578
ENSG00000160584,29.37837837837838,34.02439024390244,-0.20531507461299123,0.5849612954283882,0.9483741100182578
ENSG00000156931,37.5945945945946,35.53658536585366,0.07905699455948247,0.5910206577434167,0.9483741100182578
ENSG00000113448,43.513513513513516,42.5609756097561,0.031207113594265867,0.5809640480381343,0.9483741100182578
ENSG00000105447,10.91891891891892,14.804878048780488,-0.4071165183379701,0.5766365839587555,0.9483741100182578
ENSG00000090060,35.067567567567565,37.65853658536585,-0.10008489589566931,0.5319582297239762,0.9483741100182578
ENSG00000141376,36.54054054054054,39.8780487804878,-0.12287691072882496,0.5849842656669222,0.9483741100182578
ENSG00000242086,50.486486486486484,60.68292682926829,-0.2606774002934202,0.5631182549811173,0.9483741100182578
ENSG00000170099,4.837837837837838,7.341463414634147,-0.5148663737332956,0.5901060073281079,0.9483741100182578
ENSG00000156313,14.72972972972973,18.29268292682927,-0.2945599025753742,0.5413560737686298,0.9483741100182578
ENSG00000123104,43.945945945945944,41.0,0.09780166487955903,0.5830075226368225,0.9483741100182578
ENSG00000174844,43.608108108108105,46.51219512195122,-0.09099189987067241,0.5930500793433602,0.9483741100182578
ENSG00000052126,37.445945945945944,38.24390243902439,-0.029637034540368166,0.5319485118241214,0.9483741100182578
ENSG00000166801,17.527027027027028,20.78048780487805,-0.233404870352863,0.5728194105384636,0.9483741100182578
ENSG00000219481,37.9054054054054,43.75609756097561,-0.20211363517800682,0.5670714378867238,0.9483741100182578
ENSG00000153707,32.13513513513514,33.73170731707317,-0.06789152828648243,0.5689702216374277,0.9483741100182578
ENSG00000100503,42.04054054054054,44.90243902439025,-0.0928746165957402,0.5950658524928751,0.9490537442322265
ENSG00000036549,22.864864864864863,24.975609756097562,-0.12226944847560081,0.595027328085546,0.9490537442322265
ENSG00000175868,10.77027027027027,8.731707317073171,0.2743826113656527,0.5966243309543321,0.9499899760942299
ENSG00000061492,5.5675675675675675,8.195121951219512,-0.4855095706737495,0.5971801939756333,0.9499899760942299
ENSG00000137497,31.945945945945947,34.5609756097561,-0.1101939547175909,0.6052385640417155,0.9506838094554838
ENSG00000196208,30.824324324324323,33.0,-0.09540486237914374,0.6011329579574662,0.9506838094554838
ENSG00000160216,28.486486486486488,32.073170731707314,-0.16560743782360263,0.6031227681586305,0.9506838094554838
ENSG00000183778,34.25675675675676,36.68292682926829,-0.09601125498515074,0.6052029521922713,0.9506838094554838
ENSG00000008196,14.283783783783784,19.658536585365855,-0.43473630635324434,0.6009223621714299,0.9506838094554838
ENSG00000143870,9.85135135135135,12.75609756097561,-0.3421965358923452,0.6046182595487593,0.9506838094554838
ENSG00000133392,39.986486486486484,42.97560975609756,-0.10155525981903696,0.6052585024829125,0.9506838094554838
ENSG00000133800,11.837837837837839,15.463414634146341,-0.3588613497307488,0.6004019977279115,0.9506838094554838
ENSG00000168685,16.41891891891892,21.24390243902439,-0.35275482681395676,0.6030540618943444,0.9506838094554838
ENSG00000139505,16.93243243243243,16.804878048780488,0.010298640591947529,0.5989980189088733,0.9506838094554838
ENSG00000107611,41.95945945945946,44.5609756097561,-0.08482279958255197,0.6093114164878579,0.9510456739158033
ENSG00000154310,27.31081081081081,28.902439024390244,-0.07891009611493358,0.6092796305557235,0.9510456739158033
ENSG00000168016,31.094594594594593,34.26829268292683,-0.1360413998563111,0.6092831627078334,0.9510456739158033
ENSG00000185483,19.81081081081081,19.658536585365855,0.01059511523919901,0.6091488737673199,0.9510456739158033
ENSG00000145819,35.972972972972975,39.68292682926829,-0.13795241956963158,0.6092796305557235,0.9510456739158033
ENSG00000129933,25.635135135135137,26.75609756097561,-0.059474142273962236,0.6133308064438137,0.954940511957468
ENSG00000072110,27.56756756756757,29.097560975609756,-0.07526837877760094,0.6133420169244509,0.954940511957468
ENSG00000196367,40.74324324324324,43.390243902439025,-0.08869994046928703,0.6154686389055457,0.9558589098607977
ENSG00000175893,22.013513513513512,23.097560975609756,-0.06640587291700141,0.6153423837878474,0.9558589098607977
ENSG00000165813,22.743243243243242,24.073170731707318,-0.07862743419636826,0.6173990185965739,0.9576613206161321
ENSG00000091157,40.9054054054054,44.170731707317074,-0.1082519336584802,0.6216259031143464,0.9594325353278498
ENSG00000138829,37.32432432432432,39.8780487804878,-0.09306597747070151,0.6216121397400926,0.9594325353278498
ENSG00000196218,38.054054054054056,41.36585365853659,-0.11742962233321763,0.6216107633202932,0.9594325353278498
ENSG00000152990,25.16216216216216,25.097560975609756,0.00356679497521905,0.6195174372852803,0.9594325353278498
ENSG00000197912,31.824324324324323,36.048780487804876,-0.17466074087708458,0.6257352147029136,0.964240728455832
ENSG00000230958,0.972972972972973,6.048780487804878,-1.8370024846315276,0.6267302172096367,0.964240728455832
ENSG00000173517,55.67567567567568,60.707317073170735,-0.12271188449594607,0.6278416318723665,0.964240728455832
ENSG00000102606,29.743243243243242,32.41463414634146,-0.1202107088853343,0.6277927526427586,0.964240728455832
ENSG00000143970,35.851351351351354,38.0,-0.0817565995759348,0.629877673786938,0.9647493825077091
ENSG00000179626,3.9324324324324325,2.8048780487804876,0.37444907389426535,0.6376920388412075,0.9647493825077091
ENSG00000215418,2.189189189189189,5.2439024390243905,-0.969258311649025,0.6359233337649745,0.9647493825077091
ENSG00000196739,35.986486486486484,39.073170731707314,-0.11563840659598415,0.6340465668013536,0.9647493825077091
ENSG00000134318,33.554054054054056,31.78048780487805,0.07601766145202254,0.6340358556533016,0.9647493825077091
ENSG00000221949,3.7027027027027026,6.170731707317073,-0.6086302099985023,0.6337219485015804,0.9647493825077091
ENSG00000132549,48.108108108108105,49.65853658536585,-0.0448441576213979,0.6382546155979458,0.9647493825077091
ENSG00000119596,37.62162162162162,40.5609756097561,-0.10582078014088794,0.6361192736282675,0.9647493825077091
ENSG00000183230,26.06756756756757,27.48780487804878,-0.07377921407817555,0.6340043862291116,0.9647493825077091
ENSG00000163357,10.405405405405405,8.048780487804878,0.33392245107551577,0.6377724569161086,0.9647493825077091
ENSG00000197102,47.027027027027025,49.26829268292683,-0.06580218452144415,0.634098101082569,0.9647493825077091
ENSG00000105887,18.405405405405407,14.731707317073171,0.3027833225015688,0.6316940515942981,0.9647493825077091
ENSG00000166783,31.824324324324323,32.73170731707317,-0.039340027525495445,0.6381863270823264,0.9647493825077091
ENSG00000186868,37.86486486486486,39.46341463414634,-0.05815157152743155,0.640302612379937,0.9654987270310809
ENSG00000122779,24.64864864864865,23.365853658536587,0.07402204821782493,0.640237273368125,0.9654987270310809
ENSG00000163171,26.04054054054054,27.78048780487805,-0.08996705335432856,0.6423328146604979,0.9659525735903316
ENSG00000259844,3.7972972972972974,7.951219512195122,-0.8998623994620345,0.6443319799422776,0.9659525735903316
ENSG00000069020,40.74324324324324,42.0,-0.042793964703409994,0.6444860418649319,0.9659525735903316
ENSG00000087266,36.351351351351354,39.02439024390244,-0.09971898413632008,0.6444520635216022,0.9659525735903316
ENSG00000174705,18.7972972972973,18.073170731707318,0.05375879099139196,0.644399116346281,0.9659525735903316
ENSG00000179818,54.12162162162162,57.02439024390244,-0.07404112564347763,0.6508187007785924,0.9673489602436672
ENSG00000210176,241.97297297297297,293.6585365853659,-0.2782482182759668,0.6487648304484515,0.9673489602436672
ENSG00000131697,33.486486486486484,33.951219512195124,-0.01931164150814248,0.6783676344311887,0.9673489602436672
ENSG00000152291,20.7972972972973,25.414634146341463,-0.2771881654635505,0.6889331913353542,0.9673489602436672
ENSG00000070614,21.972972972972972,21.146341463414632,0.05286918272328292,0.6718783528512664,0.9673489602436672
ENSG00000178974,9.445945945945946,13.048780487804878,-0.4275017585283311,0.6778317671947918,0.9673489602436672
ENSG00000057935,26.41891891891892,29.146341463414632,-0.13681123915858165,0.6571043429477822,0.9673489602436672
ENSG00000078304,41.7027027027027,45.1219512195122,-0.11112616589616237,0.6571037094076503,0.9673489602436672
ENSG00000159433,55.16216216216216,53.048780487804876,0.05533641184415746,0.650807120666788,0.9673489602436672
ENSG00000158486,43.9054054054054,44.34146341463415,-0.013941838238316335,0.6890909241641487,0.9673489602436672
ENSG00000140443,35.9054054054054,33.853658536585364,0.08252203665860387,0.6847694730656443,0.9673489602436672
ENSG00000176438,45.351351351351354,41.75609756097561,0.11648121928977055,0.6634793476820875,0.9673489602436672
ENSG00000140025,22.83783783783784,25.804878048780488,-0.16924218640257663,0.6911644214539969,0.9673489602436672
ENSG00000115919,40.4054054054054,39.31707317073171,0.038428211621777106,0.6570973738135379,0.9673489602436672
ENSG00000070814,28.527027027027028,31.75609756097561,-0.14972738605034774,0.6719680085038386,0.9673489602436672
ENSG00000155111,20.91891891891892,20.682926829268293,0.015617134376636846,0.6911759901327743,0.9673489602436672
ENSG00000112983,21.513513513513512,20.4390243902439,0.07055196921127735,0.6868406031313226,0.9673489602436672
ENSG00000118113,14.41891891891892,12.24390243902439,0.21937332747345414,0.680300728901148,0.9673489602436672
ENSG00000065618,24.68918918918919,27.75609756097561,-0.16270654734207682,0.6591466735291805,0.9673489602436672
ENSG00000134250,35.310810810810814,34.48780487804878,0.03307580720665394,0.6486419622171451,0.9673489602436672
ENSG00000087365,29.12162162162162,30.463414634146343,-0.06287581006173028,0.671946668575943,0.9673489602436672
ENSG00000136504,34.0,37.292682926829265,-0.129713822215939,0.6912315017207387,0.9673489602436672
ENSG00000117523,43.9054054054054,44.0,-0.0030358842665930705,0.6783910027186095,0.9673489602436672
ENSG00000116641,38.945945945945944,38.146341463414636,0.029171611125619296,0.6762320057085843,0.9673489602436672
ENSG00000169239,13.864864864864865,15.878048780487806,-0.1832417802355688,0.6547429440816054,0.9673489602436672
ENSG00000059804,17.256756756756758,16.73170731707317,0.04209904439522427,0.6824884385721481,0.9673489602436672
ENSG00000175387,87.3108108108108,91.97560975609755,-0.07426224423801236,0.6698917634773014,0.9673489602436672
ENSG00000065135,62.62162162162162,67.46341463414635,-0.10581610448494647,0.6805255246718951,0.9673489602436672
ENSG00000268416,13.824324324324325,15.24390243902439,-0.1319319176789351,0.6696076699745569,0.9673489602436672
ENSG00000178772,10.27027027027027,7.878048780487805,0.344207572235101,0.6669884324342819,0.9673489602436672
ENSG00000173273,37.86486486486486,41.26829268292683,-0.12110933973173789,0.6613492282020517,0.9673489602436672
ENSG00000184009,11.986486486486486,12.024390243902438,-0.0042046719246695155,0.6652339260638127,0.9673489602436672
ENSG00000113389,27.7972972972973,26.341463414634145,0.07484295396641062,0.6912083755263638,0.9673489602436672
ENSG00000167460,22.986486486486488,23.634146341463413,-0.038437629370616296,0.6826170703352935,0.9673489602436672
ENSG00000141867,29.45945945945946,32.58536585365854,-0.14094240497360908,0.671918615488212,0.9673489602436672
ENSG00000152061,49.189189189189186,50.09756097560975,-0.025877789662159277,0.669847632833122,0.9673489602436672
ENSG00000168333,4.635135135135135,7.829268292682927,-0.6478436746494077,0.689151089026803,0.9673489602436672
ENSG00000078295,43.21621621621622,41.36585365853659,0.061673633220490076,0.6890781282222959,0.9673489602436672
ENSG00000083857,35.027027027027025,36.19512195121951,-0.04603382325950408,0.665582275344703,0.9673489602436672
ENSG00000141441,18.39189189189189,18.951219512195124,-0.041023372389564904,0.6804128878639972,0.9673489602436672
ENSG00000198700,34.229729729729726,34.63414634146341,-0.016466956278808204,0.6486510200576852,0.9673489602436672
ENSG00000164199,65.45945945945945,69.2439024390244,-0.07989843774445868,0.6720204260988526,0.9673489602436672
ENSG00000130226,32.513513513513516,35.73170731707317,-0.13228301040855664,0.6549648472891005,0.9673489602436672
ENSG00000137693,13.378378378378379,17.414634146341463,-0.35695175972211773,0.6846074175161068,0.9673489602436672
ENSG00000260032,13.067567567567568,11.658536585365853,0.15226226393067036,0.6802272844544428,0.9673489602436672
ENSG00000142149,20.743243243243242,18.682926829268293,0.1436223864347998,0.6889244537311812,0.9673489602436672
ENSG00000144580,13.18918918918919,17.365853658536587,-0.37223380312930937,0.6782087150879816,0.9673489602436672
ENSG00000127603,137.83783783783784,143.78048780487805,-0.06046637928471013,0.6826976079319882,0.9673489602436672
ENSG00000136213,35.58108108108108,37.34146341463415,-0.06780769105450896,0.65712018031198,0.9673489602436672
ENSG00000197969,58.932432432432435,56.26829268292683,0.06560033506750797,0.6741335431265585,0.9673489602436672
ENSG00000158023,40.63513513513514,38.36585365853659,0.08085674275070488,0.684779482858791,0.9673489602436672
ENSG00000175727,31.81081081081081,30.48780487804878,0.05937805993762516,0.6740256205824418,0.9673489602436672
ENSG00000119397,37.12162162162162,34.78048780487805,0.09143643390131548,0.6783808171674157,0.9673489602436672
ENSG00000175048,24.243243243243242,26.414634146341463,-0.11904894152213037,0.6591756762935639,0.9673489602436672
ENSG00000168505,5.743243243243243,5.073170731707317,0.15099271225831337,0.6535489678295962,0.9673489602436672
ENSG00000156413,10.662162162162161,8.707317073170731,0.2646907676244401,0.6524601865533999,0.9673489602436672
ENSG00000131018,134.74324324324326,139.5609756097561,-0.050315721776894966,0.6912968051902092,0.9673489602436672
ENSG00000133812,39.067567567567565,42.951219512195124,-0.13346826739103884,0.6847918465826577,0.9673489602436672
ENSG00000152104,42.82432432432432,41.80487804878049,0.033956632253017344,0.6508238471258923,0.9673489602436672
ENSG00000130396,39.0,37.73170731707317,0.04648490236248814,0.6955656631002847,0.9673715229317404
ENSG00000147481,15.783783783783784,14.341463414634147,0.12963189033032593,0.6996739038205891,0.9673715229317404
ENSG00000168502,31.06756756756757,32.390243902439025,-0.05831170707481779,0.6998578386399354,0.9673715229317404
ENSG00000106460,28.81081081081081,29.78048780487805,-0.046180480402032494,0.6977041923549191,0.9673715229317404
ENSG00000070214,33.972972972972975,35.31707317073171,-0.05440749760045851,0.6955593843617471,0.9673715229317404
ENSG00000150275,37.189189189189186,41.51219512195122,-0.15471246480261205,0.6998668574265003,0.9673715229317404
ENSG00000228252,12.68918918918919,16.365853658536587,-0.34321633317612565,0.6996823744944827,0.9673715229317404
ENSG00000127920,9.891891891891891,8.195121951219512,0.24431395424843677,0.694756515275849,0.9673715229317404
ENSG00000171634,44.486486486486484,45.146341463414636,-0.020778273020312363,0.6977064614517734,0.9673715229317404
ENSG00000130508,27.527027027027028,26.536585365853657,0.05097973156328909,0.6976763917753215,0.9673715229317404
ENSG00000149948,32.2972972972973,35.390243902439025,-0.12814664057120248,0.6977081632409174,0.9673715229317404
ENSG00000173120,29.81081081081081,30.78048780487805,-0.04470462052689654,0.7041593916658659,0.9680275697642567
ENSG00000183715,17.716216216216218,20.29268292682927,-0.1860689437037554,0.7040819980929839,0.9680275697642567
ENSG00000197943,33.027027027027025,35.75609756097561,-0.1113024948896737,0.7042322754313926,0.9680275697642567
ENSG00000126883,35.7972972972973,40.390243902439025,-0.16969094350973338,0.7041933366039268,0.9680275697642567
ENSG00000150764,25.14864864864865,27.146341463414632,-0.1062110186245759,0.7041588350942046,0.9680275697642567
ENSG00000113648,28.972972972972972,30.024390243902438,-0.049740666133511566,0.7063665956473377,0.9698896743766976
ENSG00000166263,40.567567567567565,42.97560975609756,-0.08124525448138123,0.7085427402231782,0.9718050373072037
ENSG00000096401,19.45945945945946,18.365853658536587,0.07925293183190785,0.7106579270007328,0.9736326665076119
ENSG00000141338,33.91891891891892,33.65853658536585,0.010798154440278701,0.7150683136873167,0.976449672160209
ENSG00000261272,23.66216216216216,25.0,-0.07621233511530012,0.7150290409167459,0.976449672160209
ENSG00000103994,36.567567567567565,38.048780487804876,-0.05578978591625334,0.7150688515578378,0.976449672160209
ENSG00000091831,34.2027027027027,32.75609756097561,0.06053806851827962,0.7172371696336998,0.9773073129159902
ENSG00000099139,50.567567567567565,52.51219512195122,-0.053403715408547575,0.7172681484664784,0.9773073129159902
ENSG00000197971,43.513513513513516,45.1219512195122,-0.051210169234272726,0.7568534406034428,0.9774278316624357
ENSG00000265579,4.824324324324325,7.219512195121951,-0.49696208310362616,0.7464888718594587,0.9774278316624357
ENSG00000235885,17.324324324324323,15.731707317073171,0.13117533595266526,0.7280672610806307,0.9774278316624357
ENSG00000185630,57.432432432432435,55.609756097560975,0.04571863937930191,0.7281843075041541,0.9774278316624357
ENSG00000116830,33.310810810810814,32.41463414634146,0.03818314078875077,0.719427601427657,0.9774278316624357
ENSG00000141956,34.027027027027025,34.609756097560975,-0.023804011893620955,0.7613296191979079,0.9774278316624357
ENSG00000187775,46.87837837837838,46.09756097560975,0.023721940156797156,0.7238071872429596,0.9774278316624357
ENSG00000160209,29.864864864864863,29.463414634146343,0.018887812744019072,0.739147414072804,0.9774278316624357
ENSG00000121904,52.527027027027025,51.48780487804878,0.02828526233712945,0.7259870781857622,0.9774278316624357
ENSG00000186951,36.229729729729726,36.707317073170735,-0.018389361477193708,0.7347893787727025,0.9774278316624357
ENSG00000129250,21.864864864864863,23.975609756097562,-0.1273875078909165,0.7545668359406714,0.9774278316624357
ENSG00000280011,45.891891891891895,46.24390243902439,-0.010789652148496436,0.7613565666245179,0.9774278316624357
ENSG00000115760,55.027027027027025,57.31707317073171,-0.05779537461307943,0.7392173621298955,0.9774278316624357
ENSG00000100393,36.2972972972973,36.19512195121951,0.003957663317054447,0.7613259646069739,0.9774278316624357
ENSG00000160551,44.567567567567565,44.0,0.018082358983457603,0.7414010888803423,0.9774278316624357
ENSG00000100281,17.77027027027027,17.48780487804878,0.021875484799434654,0.7325171785740893,0.9774278316624357
ENSG00000237517,17.93243243243243,21.804878048780488,-0.268482675355047,0.7612189935238171,0.9774278316624357
ENSG00000134369,57.17567567567568,58.19512195121951,-0.02506223187779352,0.7591404223396726,0.9774278316624357
ENSG00000134709,20.77027027027027,19.29268292682927,0.10139969955461056,0.7325329247570639,0.9774278316624357
ENSG00000177663,25.445945945945947,25.70731707317073,-0.014188474872597855,0.7435609021163696,0.9774278316624357
ENSG00000008294,35.4054054054054,36.53658536585366,-0.044144741876773363,0.7435819059863014,0.9774278316624357
ENSG00000090447,19.35135135135135,22.390243902439025,-0.20078231135706887,0.7479621762302672,0.9774278316624357
ENSG00000108510,35.16216216216216,35.951219512195124,-0.031141038729718563,0.752438650885296,0.9774278316624357
ENSG00000272808,9.716216216216216,8.341463414634147,0.19807511276815504,0.7476089878557118,0.9774278316624357
ENSG00000103942,37.25675675675676,36.21951219512195,0.039655426060350704,0.7502434268105694,0.9774278316624357
ENSG00000124198,32.54054054054054,31.146341463414632,0.061251384111438954,0.750180979106734,0.9774278316624357
ENSG00000225972,14.337837837837839,15.707317073170731,-0.12338495668047773,0.7588631273507619,0.9774278316624357
ENSG00000164327,35.310810810810814,38.4390243902439,-0.11922471847136143,0.732585730367312,0.9774278316624357
ENSG00000131446,25.58108108108108,24.414634146341463,0.0647403189891558,0.7524173763836857,0.9774278316624357
ENSG00000179869,54.32432432432432,56.73170731707317,-0.06144996472207036,0.7260363810687126,0.9774278316624357
ENSG00000080823,26.58108108108108,26.78048780487805,-0.010392925686258886,0.7568473962154805,0.9774278316624357
ENSG00000111052,12.864864864864865,14.902439024390244,-0.19781449963488967,0.754487959808172,0.9774278316624357
ENSG00000137177,30.216216216216218,34.48780487804878,-0.18502766250309213,0.7568408863706642,0.9774278316624357
ENSG00000123066,46.972972972972975,49.31707317073171,-0.06882615761794397,0.7391717286401451,0.9774278316624357
ENSG00000184445,39.486486486486484,38.146341463414636,0.048562965438219315,0.7502181673474639,0.9774278316624357
ENSG00000185344,35.24324324324324,36.24390243902439,-0.03929218590324358,0.7590943497191442,0.9774278316624357
ENSG00000151835,40.21621621621622,39.48780487804878,0.025724640092457857,0.7304031276647318,0.9774278316624357
ENSG00000138411,32.33783783783784,35.31707317073171,-0.12348739929284303,0.7546718860093138,0.9774278316624357
ENSG00000184226,62.25675675675676,60.21951219512195,0.04722803986295377,0.7369976336314179,0.9774278316624357
ENSG00000180992,2.418918918918919,5.2682926829268295,-0.8745323355104341,0.751759654127919,0.9774278316624357
ENSG00000126217,51.013513513513516,56.853658536585364,-0.15352169974603094,0.7194615419508612,0.9774278316624357
ENSG00000119707,34.17567567567568,35.90243902439025,-0.06913803682349111,0.7347581418721643,0.9774278316624357
ENSG00000153531,23.743243243243242,24.4390243902439,-0.04000872773329468,0.7325105745088913,0.9774278316624357
ENSG00000173230,41.75675675675676,46.68292682926829,-0.15732036873278882,0.7260202956828445,0.9774278316624357
ENSG00000072786,23.027027027027028,26.634146341463413,-0.20179389800161157,0.747967465183815,0.9774278316624357
ENSG00000204764,29.486486486486488,30.0,-0.024098323617031445,0.7414025652748063,0.9774278316624357
ENSG00000135365,32.04054054054054,32.073170731707314,-0.0014240743076138131,0.7480126481268169,0.9774278316624357
ENSG00000163625,47.986486486486484,49.46341463414634,-0.04285401108121639,0.7260249659252545,0.9774278316624357
ENSG00000157483,27.43243243243243,27.804878048780488,-0.018775621115720943,0.74800640086916,0.9774278316624357
ENSG00000245532,50.0,55.146341463414636,-0.1386947715426512,0.7591316705750281,0.9774278316624357
ENSG00000198589,44.9054054054054,45.926829268292686,-0.03174894190170733,0.7524594473206696,0.9774278316624357
ENSG00000137574,10.41891891891892,15.268292682926829,-0.5106367810259042,0.7432638541501391,0.9774278316624357
ENSG00000231772,2.554054054054054,6.878048780487805,-1.1483727264124888,0.7380089355102382,0.9774278316624357
ENSG00000112893,31.527027027027028,30.48780487804878,0.04684578015644033,0.7568566950872622,0.9774278316624357
ENSG00000099250,32.63513513513514,35.80487804878049,-0.12992793655651358,0.7612907805862152,0.9774278316624357
ENSG00000055609,59.37837837837838,60.170731707317074,-0.018809523329590242,0.7216591883884449,0.9774278316624357
ENSG00000124491,26.905405405405407,25.585365853658537,0.0699122856316529,0.7634978203975317,0.9791662768809581
ENSG00000108582,35.13513513513514,36.51219512195122,-0.05395739887933993,0.7657992011899475,0.9800969200414554
ENSG00000058091,19.675675675675677,17.51219512195122,0.15945850115368196,0.7656783997921781,0.9800969200414554
ENSG00000151834,25.716216216216218,27.75609756097561,-0.10615220826142083,0.7679913342654276,0.9818923122571346
ENSG00000136099,11.662162162162161,12.390243902439025,-0.0806584623568781,0.7722770127850087,0.9829533025927655
ENSG00000155657,260.3378378378378,272.6829268292683,-0.06658941722181344,0.7792510432561535,0.9829533025927655
ENSG00000116539,37.13513513513514,39.80487804878049,-0.09762081845195454,0.7791929013568204,0.9829533025927655
ENSG00000152601,32.62162162162162,28.975609756097562,0.1656002087470747,0.7791742182998145,0.9829533025927655
ENSG00000160145,61.0,59.02439024390244,0.04671937254679908,0.7814636786690072,0.9829533025927655
ENSG00000074590,15.297297297297296,15.146341463414634,0.013425424082000986,0.77015472920794,0.9829533025927655
ENSG00000256684,1.6756756756756757,4.195121951219512,-0.9572543611570951,0.7734152972368573,0.9829533025927655
ENSG00000145725,44.45945945945946,42.90243902439025,0.05027943802724095,0.7747291355477094,0.9829533025927655
ENSG00000127314,40.986486486486484,41.951219512195124,-0.03277402872023381,0.7814527497595887,0.9829533025927655
ENSG00000144357,29.743243243243242,29.878048780487806,-0.006312220465786519,0.779180588056426,0.9829533025927655
ENSG00000197694,45.567567567567565,48.48780487804878,-0.0877475245425768,0.7814435009404093,0.9829533025927655
ENSG00000172954,15.337837837837839,14.0,0.12325456801165521,0.7723072223457476,0.9829533025927655
ENSG00000255346,27.716216216216218,30.829268292682926,-0.1484883265556863,0.7791814373156728,0.9829533025927655
ENSG00000142599,29.64864864864865,32.51219512195122,-0.12886272488673747,0.7769452418752181,0.9829533025927655
ENSG00000169554,53.62162162162162,54.58536585365854,-0.025232963896427905,0.7769756717559637,0.9829533025927655
ENSG00000090686,31.10810810810811,31.365853658536587,-0.011534895580293567,0.7747209154650447,0.9829533025927655
ENSG00000133477,40.4054054054054,39.97560975609756,0.01505370324796823,0.7836799157423566,0.9837573286478869
ENSG00000143776,39.7027027027027,40.26829268292683,-0.019909159458887677,0.7836844957315562,0.9837573286478869
ENSG00000170921,58.527027027027025,59.21951219512195,-0.016686178345872073,0.7881850475557437,0.9844399589953264
ENSG00000198744,26.054054054054053,15.853658536585366,0.682782997436869,0.7855768748861973,0.9844399589953264
ENSG00000189223,32.445945945945944,34.951219512195124,-0.10420936025160167,0.7881679058635571,0.9844399589953264
ENSG00000169057,35.86486486486486,37.80487804878049,-0.07399155231774138,0.7859285672423819,0.9844399589953264
ENSG00000168658,28.364864864864863,30.70731707317073,-0.11072480974540017,0.7881764772297204,0.9844399589953264
ENSG00000067596,26.85135135135135,25.48780487804878,0.07241904072402876,0.8425688830919635,0.9891111802931456
ENSG00000106603,32.5945945945946,33.26829268292683,-0.028645195066669404,0.8471582600747232,0.9891111802931456
ENSG00000198646,30.27027027027027,29.073170731707318,0.05631470369378468,0.815268990348819,0.9891111802931456
ENSG00000148335,5.621621621621622,7.951219512195122,-0.4348996748515083,0.8417621446683841,0.9891111802931456
ENSG00000157680,38.78378378378378,40.8780487804878,-0.07401372895598732,0.8220736644342937,0.9891111802931456
ENSG00000113319,31.175675675675677,32.1219512195122,-0.04181721998526392,0.856299395088612,0.9891111802931456
ENSG00000101290,31.972972972972972,31.463414634146343,0.022469215527490437,0.8334301109718245,0.9891111802931456
ENSG00000177463,31.64864864864865,30.585365853658537,0.04776699574029642,0.8039284414417318,0.9891111802931456
ENSG00000140563,35.16216216216216,38.24390243902439,-0.1179875710928515,0.8220712470708942,0.9891111802931456
ENSG00000127325,18.72972972972973,18.634146341463413,0.007006319754534231,0.7948180912770555,0.9891111802931456
ENSG00000094916,33.08108108108108,34.65853658536585,-0.06527639663508351,0.8288897718398075,0.9891111802931456
ENSG00000039319,28.986486486486488,30.29268292682927,-0.06151286390353724,0.8243484959143592,0.9891111802931456
ENSG00000198874,8.85135135135135,10.170731707317072,-0.18133014478087298,0.849175893695325,0.9891111802931456
ENSG00000009694,22.35135135135135,24.975609756097562,-0.15365157396059825,0.8402775115168661,0.9891111802931456
ENSG00000196935,66.1891891891892,67.2439024390244,-0.022471027123134455,0.844887980494785,0.9891111802931456
ENSG00000184956,37.4054054054054,37.24390243902439,0.00607963411670611,0.8425713369193191,0.9891111802931456
ENSG00000274654,2.0405405405405403,5.2682926829268295,-1.0437447189877074,0.8244097787997494,0.9891111802931456
ENSG00000123636,47.28378378378378,49.63414634146341,-0.06857189078347674,0.8517410904827415,0.9891111802931456
ENSG00000060237,39.13513513513514,41.170731707317074,-0.07137629896501972,0.8061766008414843,0.9891111802931456
ENSG00000157005,3.189189189189189,1.853658536585366,0.5538583246799671,0.8232190565907617,0.9891111802931456
ENSG00000160613,45.054054054054056,44.58536585365854,0.014757405469814031,0.8130168279435513,0.9891111802931456
ENSG00000183530,33.0945945945946,32.21951219512195,0.037512141953363186,0.8562789058720408,0.9891111802931456
ENSG00000154864,42.310810810810814,40.0,0.07910327125906993,0.8130132060333836,0.9891111802931456
ENSG00000224086,70.29729729729729,75.29268292682927,-0.0976973090666739,0.844884051710534,0.9891111802931456
ENSG00000137642,55.945945945945944,57.02439024390244,-0.027066318618694633,0.8017101711028933,0.9891111802931456
ENSG00000105810,28.41891891891892,26.75609756097561,0.08393948887075854,0.8448628915859564,0.9891111802931456
ENSG00000131626,39.270270270270274,40.24390243902439,-0.0344656900713252,0.856318473053462,0.9891111802931456
ENSG00000174197,47.75675675675676,51.0,-0.092909460514661,0.7994506607656267,0.9891111802931456
ENSG00000251562,20.41891891891892,24.146341463414632,-0.2314628533522047,0.7948882133115116,0.9891111802931456
ENSG00000157077,14.662162162162161,15.75609756097561,-0.09740279882249468,0.8105805708393772,0.9891111802931456
ENSG00000200807,0.6486486486486487,2.951219512195122,-1.2610140263326044,0.8209740298224306,0.9891111802931456
ENSG00000114019,14.64864864864865,16.365853658536587,-0.1502152539880273,0.817455405457614,0.9891111802931456
ENSG00000279738,42.25675675675676,44.65853658536585,-0.07795911904868937,0.8357301940548303,0.9891111802931456
ENSG00000161013,12.567567567567568,11.170731707317072,0.15674618760264547,0.8060102201206599,0.9891111802931456
ENSG00000224078,84.77027027027027,85.48780487804878,-0.012019054626774895,0.8403300625522403,0.9891111802931456
ENSG00000149930,22.72972972972973,21.829268292682926,0.055811048941087585,0.8106833571830967,0.9891111802931456
ENSG00000149187,31.39189189189189,33.75609756097561,-0.10163337130119972,0.8425682696171972,0.9891111802931456
ENSG00000150637,34.63513513513514,36.048780487804876,-0.05612565964838916,0.8402974186037941,0.9891111802931456
ENSG00000148773,41.83783783783784,41.80487804878049,0.0011104488239806328,0.8357516058194526,0.9891111802931456
ENSG00000280156,172.8918918918919,173.26829268292684,-0.0031194363413064147,0.8517665346616747,0.9891111802931456
ENSG00000114861,42.851351351351354,40.48780487804878,0.07993397621225005,0.840298973531529,0.9891111802931456
ENSG00000248528,2.081081081081081,4.878048780487805,-0.931900683076086,0.8498303865301461,0.9891111802931456
ENSG00000115423,42.45945945945946,42.0,0.015333570847880878,0.8403033270875917,0.9891111802931456
ENSG00000145730,28.945945945945947,28.70731707317073,0.011542387131990002,0.8334375639126037,0.9891111802931456
ENSG00000251648,1.0135135135135136,3.1951219512195124,-1.0589975952508024,0.8391781929528335,0.9891111802931456
ENSG00000042832,35.054054054054056,36.19512195121951,-0.044951937163891974,0.8540265676067048,0.9891111802931456
ENSG00000052795,29.08108108108108,31.29268292682927,-0.10235089047612456,0.8039238907209647,0.9891111802931456
ENSG00000219582,2.3378378378378377,5.463414634146342,-0.9533826788767501,0.8220004792361651,0.9891111802931456
ENSG00000130158,28.013513513513512,29.24390243902439,-0.05991929042633045,0.7948945484846401,0.9891111802931456
ENSG00000171444,29.56756756756757,30.121951219512194,-0.025930760785914914,0.7994382645816949,0.9891111802931456
ENSG00000015133,35.054054054054056,37.1219512195122,-0.08046047282594547,0.8084793108222577,0.9891111802931456
ENSG00000118257,33.148648648648646,35.853658536585364,-0.10997935723092012,0.8288827877216861,0.9891111802931456
ENSG00000112531,38.608108108108105,39.926829268292686,-0.0472511087611481,0.8243542935849828,0.9891111802931456
ENSG00000140332,27.31081081081081,27.75609756097561,-0.0225148354039148,0.8061882277180252,0.9891111802931456
ENSG00000153721,53.87837837837838,54.53658536585366,-0.01720062522316314,0.7972041188824991,0.9891111802931456
ENSG00000123612,19.513513513513512,22.0,-0.16505924627049634,0.8517046362245025,0.9891111802931456
ENSG00000168172,39.58108108108108,39.09756097560975,0.017292814864600697,0.8563285700769435,0.9891111802931456
ENSG00000164190,36.891891891891895,40.21951219512195,-0.1214382581697894,0.8517350166398359,0.9891111802931456
ENSG00000034713,10.324324324324325,9.048780487804878,0.17240454550526713,0.8308457038030659,0.9891111802931456
ENSG00000112339,32.9054054054054,31.853658536585368,0.04546125893600299,0.8471475325611704,0.9891111802931456
ENSG00000049618,38.4054054054054,40.80487804878049,-0.08527775079642888,0.8311656955041147,0.9891111802931456
ENSG00000111877,30.013513513513512,29.853658536585368,0.007455407708631598,0.8471332256956681,0.9891111802931456
ENSG00000081479,47.986486486486484,46.146341463414636,0.055237996567557145,0.8471695811114176,0.9891111802931456
ENSG00000167766,19.783783783783782,21.975609756097562,-0.14464482266182288,0.8265765711129793,0.9891111802931456
ENSG00000279789,5.121621621621622,7.195121951219512,-0.42085154374339123,0.8335268319821372,0.9891111802931456
ENSG00000006607,38.513513513513516,38.609756097560975,-0.00350968224360491,0.8243519063783629,0.9891111802931456
ENSG00000188596,36.67567567567568,36.97560975609756,-0.01143974422147994,0.8448577513916105,0.9891111802931456
ENSG00000179915,53.78378378378378,53.68292682926829,0.002658449650606114,0.8357407411941975,0.9891111802931456
ENSG00000142798,41.689189189189186,42.80487804878049,-0.03722077400514012,0.8017040402650828,0.9891111802931456
ENSG00000116350,24.54054054054054,25.975609756097562,-0.0788665121371381,0.8379954859072757,0.9891111802931456
ENSG00000278129,15.41891891891892,18.24390243902439,-0.2290422525311812,0.8539481634627679,0.9891111802931456
ENSG00000161298,25.7972972972973,26.902439024390244,-0.05830373556040765,0.8448459572503262,0.9891111802931456
ENSG00000079950,42.027027027027025,40.21951219512195,0.06191572836323609,0.849449671777204,0.9891111802931456
ENSG00000183454,37.71621621621622,39.0,-0.04706203687204479,0.8175322353120849,0.9891111802931456
ENSG00000145362,53.567567567567565,52.21951219512195,0.03608844799699995,0.8448701474612537,0.9891111802931456
ENSG00000105993,39.689189189189186,42.146341463414636,-0.08459270097664714,0.826646972632394,0.9891111802931456
ENSG00000141027,42.71621621621622,43.707317073170735,-0.03234243467088194,0.831182763272516,0.9891111802931456
ENSG00000143669,56.12162162162162,57.26829268292683,-0.028674102436405512,0.8471716662911877,0.9891111802931456
ENSG00000138688,58.608108108108105,57.78048780487805,0.020171252964027556,0.8220992133946818,0.9891111802931456
ENSG00000133958,37.78378378378378,38.4390243902439,-0.024170302921477607,0.8084807934384438,0.9891111802931456
ENSG00000092148,37.66216216216216,37.26829268292683,0.014772784344219353,0.8448683335878692,0.9891111802931456
ENSG00000187240,43.027027027027025,42.853658536585364,0.0056922220002041946,0.8609009834525185,0.9895351081402572
ENSG00000048649,41.66216216216216,41.97560975609756,-0.010561024618294751,0.87009832254668,0.9895351081402572
ENSG00000170471,36.0,34.609756097560975,0.05525271647965402,0.8609175579745865,0.9895351081402572
ENSG00000252752,1.8918918918918919,0.8780487804878049,0.6227790846953798,0.8873328670964182,0.9895351081402572
ENSG00000280995,0.24324324324324326,2.731707317073171,-1.5857272476465052,0.8754588754041298,0.9895351081402572
ENSG00000253729,51.16216216216216,54.75609756097561,-0.09612591706990163,0.8724019308400266,0.9895351081402572
ENSG00000143252,34.16216216216216,32.68292682926829,0.06200628144887846,0.8861852511121364,0.9895351081402572
ENSG00000133816,44.08108108108108,45.63414634146341,-0.04886459554695102,0.8723959388387428,0.9895351081402572
ENSG00000172943,20.472972972972972,21.463414634146343,-0.0650552977536827,0.8861832420925474,0.9895351081402572
ENSG00000185920,40.13513513513514,40.707317073170735,-0.01992932728058099,0.8816079159054835,0.9895351081402572
ENSG00000124151,25.18918918918919,28.585365853658537,-0.17591234071629525,0.8700800240719146,0.9895351081402572
ENSG00000106771,26.77027027027027,28.073170731707318,-0.06614720290398249,0.8631863599867647,0.9895351081402572
ENSG00000137871,43.41891891891892,42.09756097560975,0.04356805551782727,0.8723986852774456,0.9895351081402572
ENSG00000129422,32.013513513513516,30.73170731707317,0.0571315405385949,0.8885134371323692,0.9895351081402572
ENSG00000154556,43.62162162162162,45.21951219512195,-0.050759089156062046,0.8769958053573056,0.9895351081402572
ENSG00000161405,28.43243243243243,30.0,-0.07486143729891821,0.8792842593105896,0.9895351081402572
ENSG00000104133,36.66216216216216,37.24390243902439,-0.022113918022265186,0.8792958455804866,0.9895351081402572
ENSG00000139436,30.62162162162162,31.414634146341463,-0.035733935816273626,0.8815868048071279,0.9895351081402572
ENSG00000141384,16.18918918918919,16.0,0.015966748405066046,0.8608218331937537,0.9895351081402572
ENSG00000182050,51.66216216216216,51.292682926829265,0.010157664700398963,0.8862193881766706,0.9895351081402572
ENSG00000142949,26.2972972972973,27.4390243902439,-0.05911385657220536,0.888511032110573,0.9895351081402572
ENSG00000280434,35.33783783783784,38.0,-0.1020015446183251,0.8723949400897918,0.9895351081402572
ENSG00000196220,44.63513513513514,46.34146341463415,-0.05295929971705321,0.8792868606003755,0.9895351081402572
ENSG00000135655,50.486486486486484,49.34146341463415,0.03244666594656412,0.8746937235971886,0.9895351081402572
ENSG00000079308,38.21621621621622,38.926829268292686,-0.02590816341827519,0.8816016533510895,0.9895351081402572
ENSG00000118997,58.78378378378378,55.8780487804878,0.07188223602334441,0.8838954223106521,0.9895351081402572
ENSG00000176915,37.608108108108105,40.09756097560975,-0.09014891614371502,0.8746517603593932,0.9895351081402572
ENSG00000110975,12.594594594594595,11.024390243902438,0.17706939241674952,0.8883376801146443,0.9895351081402572
ENSG00000112297,27.905405405405407,28.536585365853657,-0.03116374354015035,0.8769760515440341,0.9895351081402572
ENSG00000135297,30.905405405405407,31.414634146341463,-0.02284442405839794,0.8677876553729258,0.9895351081402572
ENSG00000140853,33.24324324324324,36.02439024390244,-0.11265662728552299,0.8862060047537945,0.9895351081402572
ENSG00000197037,18.7027027027027,19.097560975609756,-0.02862688386714747,0.86774911072242,0.9895351081402572
ENSG00000110395,31.27027027027027,32.41463414634146,-0.05027441759394993,0.8792918262321344,0.9895351081402572
ENSG00000116205,34.33783783783784,35.0,-0.026783135936958444,0.8677586853588923,0.9895351081402572
ENSG00000153944,58.45945945945946,57.073170731707314,0.03403454213082197,0.8609161996301085,0.9895351081402572
ENSG00000177084,45.729729729729726,46.853658536585364,-0.03428853358782314,0.879309555630271,0.9895351081402572
ENSG00000085449,13.972972972972974,17.146341463414632,-0.277318006069709,0.8815401347500276,0.9895351081402572
ENSG00000146414,42.554054054054056,44.073170731707314,-0.04946192936737841,0.8862104664194705,0.9895351081402572
ENSG00000107672,7.621621621621622,13.24390243902439,-0.7243133061260142,0.8859779860061588,0.9895351081402572
ENSG00000141564,25.243243243243242,26.73170731707317,-0.07959041448392166,0.8838840416346998,0.9895351081402572
ENSG00000129351,26.486486486486488,28.0,-0.07733039689902178,0.8908256510427051,0.991222817439289
ENSG00000138162,44.486486486486484,46.073170731707314,-0.04946703183635975,0.8931411265277369,0.9929111361934806
ENSG00000154237,38.82432432432432,39.90243902439025,-0.0385369894512123,0.8977562556882881,0.994486894101719
ENSG00000151148,31.824324324324323,32.829268292682926,-0.04350665869860385,0.8977528437249114,0.994486894101719
ENSG00000116604,15.445945945945946,18.878048780487806,-0.27344415741557787,0.897684331528714,0.994486894101719
ENSG00000147724,36.148648648648646,36.78048780487805,-0.024331598287481528,0.8954430647338334,0.994486894101719
ENSG00000197321,28.06756756756757,28.26829268292683,-0.009928242083686124,0.9000590122913127,0.9961507217886059
ENSG00000137962,41.108108108108105,43.073170731707314,-0.06580263381379646,0.9023852524874395,0.9969513801903862
ENSG00000010244,38.554054054054056,37.4390243902439,0.04125384994150821,0.9023773926507983,0.9969513801903862
ENSG00000164916,30.094594594594593,30.75609756097561,-0.030369825952412118,0.9697144289695135,0.9982904807654289
ENSG00000198743,28.675675675675677,27.5609756097561,0.05523561749311755,0.9162576798521278,0.9982904807654289
ENSG00000204301,27.66216216216216,25.951219512195124,0.08879689024089499,0.9371393197672568,0.9982904807654289
ENSG00000185658,52.067567567567565,54.02439024390244,-0.05224083074326272,0.9487757830649978,0.9982904807654289
ENSG00000112319,23.094594594594593,22.70731707317073,0.02337712300834787,0.9162355978977603,0.9982904807654289
ENSG00000250405,3.445945945945946,7.146341463414634,-0.8736618797496769,0.9196239962843861,0.9982904807654289
ENSG00000146530,20.486486486486488,19.26829268292683,0.08420502239050698,0.9743597525529251,0.9982904807654289
ENSG00000048052,43.86486486486486,43.292682926829265,0.018517677932506204,0.9232267856325782,0.9982904807654289
ENSG00000142207,29.513513513513512,31.073170731707318,-0.07191867441753023,0.9510902751868398,0.9982904807654289
ENSG00000054523,54.486486486486484,55.97560975609756,-0.03820800778228137,0.944127328665957,0.9982904807654289
ENSG00000161021,26.094594594594593,28.48780487804878,-0.12211336891770705,0.9766980869905393,0.9982904807654289
ENSG00000128512,35.270270270270274,33.1219512195122,0.08808734802456401,0.9139519303577399,0.9982904807654289
ENSG00000127946,28.527027027027028,29.24390243902439,-0.034608201897142844,0.9673810014494966,0.9982904807654289
ENSG00000100201,30.2027027027027,29.4390243902439,0.035748877901000724,0.9720403364281709,0.9982904807654289
ENSG00000175309,20.594594594594593,22.634146341463413,-0.13020252349797037,0.9464313006261439,0.9982904807654289
ENSG00000146648,35.229729729729726,33.73170731707317,0.06092071200529704,0.925546816152481,0.9982904807654289
ENSG00000106078,33.689189189189186,34.390243902439025,-0.0288655845021924,0.9743709371938417,0.9982904807654289
ENSG00000186976,27.2027027027027,29.24390243902439,-0.10081088112526862,0.9464372152372774,0.9982904807654289
ENSG00000113742,23.716216216216218,25.24390243902439,-0.0865243638187736,0.9720389016893567,0.9982904807654289
ENSG00000198198,45.067567567567565,44.1219512195122,0.02992196772540549,0.9209154700370282,0.9982904807654289
ENSG00000186409,41.4054054054054,40.853658536585364,0.018894438457685944,0.946444922414677,0.9982904807654289
ENSG00000145734,36.7972972972973,36.829268292682926,-0.0012197935707651238,0.9627298390211015,0.9982904807654289
ENSG00000142609,26.27027027027027,25.78048780487805,0.026146759090292467,0.9417876384128858,0.9982904807654289
ENSG00000071189,42.972972972972975,43.8780487804878,-0.029392876282713355,0.9720451908289456,0.9982904807654289
ENSG00000225630,888.5945945945946,479.8292682926829,0.8876233056876257,0.937167788925586,0.9982904807654289
ENSG00000279010,102.71621621621621,106.34146341463415,-0.04956598226050821,0.9394848742267248,0.9982904807654289
ENSG00000149311,66.9054054054054,68.29268292682927,-0.029176596246754078,0.9093323616572943,0.9982904807654289
ENSG00000131242,33.108108108108105,32.8780487804878,0.009763949990290491,0.9790308573423017,0.9982904807654289
ENSG00000151338,43.41891891891892,43.170731707317074,0.008083549119276258,0.9116355391079031,0.9982904807654289
ENSG00000092203,14.878378378378379,19.341463414634145,-0.35735989300316745,0.9162370815613503,0.9982904807654289
ENSG00000187699,19.87837837837838,18.75609756097561,0.07971166400888378,0.930167914608872,0.9982904807654289
ENSG00000102786,54.66216216216216,56.170731707317074,-0.03857980456485716,0.9232356962788533,0.9982904807654289
ENSG00000136104,24.743243243243242,26.78048780487805,-0.1098781103382937,0.9301669517526182,0.9982904807654289
ENSG00000244754,41.62162162162162,40.80487804878049,0.02791418966714434,0.9604029357984439,0.9982904807654289
ENSG00000280138,43.78378378378378,47.46341463414634,-0.11391963103908435,0.9627349840123121,0.9982904807654289
ENSG00000162849,34.86486486486486,36.390243902439025,-0.06009068729945038,0.9720417157764643,0.9982904807654289
ENSG00000135778,34.608108108108105,35.46341463414634,-0.03424388357175647,0.9348276666736582,0.9982904807654289
ENSG00000274775,32.24324324324324,32.926829268292686,-0.02936546532650311,0.9278643289430136,0.9982904807654289
ENSG00000203709,34.13513513513514,35.951219512195124,-0.0727075314553625,0.9580793365605935,0.9982904807654289
ENSG00000165899,24.5,22.658536585365855,0.10813640951508918,0.9557443599961992,0.9982904807654289
ENSG00000150995,40.04054054054054,40.68292682926829,-0.022406849519545635,0.9324986351749855,0.9982904807654289
ENSG00000277363,23.68918918918919,25.4390243902439,-0.09878948373724901,0.9580650298277879,0.9982904807654289
ENSG00000050438,48.945945945945944,47.0,0.057333175065951626,0.9534276156897329,0.9982904807654289
ENSG00000140937,32.87837837837838,32.51219512195122,0.015678631004973007,0.9208974209691159,0.9982904807654289
ENSG00000274012,51.08108108108108,37.53658536585366,0.43453065222038956,0.9534227493552764,0.9982904807654289
ENSG00000100523,45.13513513513514,45.78048780487805,-0.020041023001258818,0.9348304902550993,0.9982904807654289
ENSG00000082438,38.75675675675676,36.5609756097561,0.08196553466170022,0.9650603037066025,0.9982904807654289
ENSG00000103642,9.54054054054054,10.902439024390244,-0.17530838482414174,0.9580181202707614,0.9982904807654289
ENSG00000138592,51.87837837837838,52.53658536585366,-0.017847190532792465,0.9070101164642553,0.9982904807654289
ENSG00000068654,35.17567567567568,34.707317073170735,0.018800224345869292,0.974370886617567,0.9982904807654289
ENSG00000167202,23.95945945945946,22.26829268292683,0.10122133396606059,0.9093109774629472,0.9982904807654289
ENSG00000166147,47.729729729729726,48.4390243902439,-0.02084805304542352,0.9743746790074838,0.9982904807654289
ENSG00000159459,31.89189189189189,32.73170731707317,-0.03637334944763219,0.9743711394959466,0.9982904807654289
ENSG00000134160,21.094594594594593,20.390243902439025,0.04674052692984562,0.9116073864896115,0.9982904807654289
ENSG00000144674,37.770270270270274,39.09756097560975,-0.048563691923884336,0.9487729561866551,0.9982904807654289
ENSG00000170500,31.554054054054053,31.073170731707318,0.021470233047939567,0.9790277117599071,0.9982904807654289
ENSG00000115652,19.33783783783784,21.634146341463413,-0.15433458449137366,0.9603857436859562,0.9982904807654289
ENSG00000126214,27.10810810810811,28.26829268292683,-0.05835223847829252,0.9278627669991502,0.9982904807654289
ENSG00000165959,43.58108108108108,43.1219512195122,0.014935008932823566,0.9627307946806015,0.9982904807654289
ENSG00000165934,36.33783783783784,36.926829268292686,-0.022580379216339243,0.9673875652834913,0.9982904807654289
ENSG00000165914,51.608108108108105,51.34146341463415,0.007330907579895191,0.9650623020416511,0.9982904807654289
ENSG00000156030,33.2027027027027,33.1219512195122,0.0034101839350644124,0.9348270248994177,0.9982904807654289
ENSG00000072121,39.5,41.390243902439025,-0.06581035931169185,0.9371525689276922,0.9982904807654289
ENSG00000140575,38.0945945945946,39.292682926829265,-0.04354872450071168,0.9604031700816694,0.9982904807654289
ENSG00000139218,35.067567567567565,36.1219512195122,-0.04157041437244532,0.9464466112145722,0.9982904807654289
ENSG00000072609,39.5,39.4390243902439,0.0021737160069582044,0.9510993384950565,0.9982904807654289
ENSG00000139132,31.756756756756758,30.902439024390244,0.03812579696400229,0.9534184326501839,0.9982904807654289
ENSG00000172493,27.27027027027027,29.5609756097561,-0.11240492408578538,0.9720397846316875,0.9982904807654289
ENSG00000138778,32.24324324324324,33.4390243902439,-0.050983134055444114,0.9790271735579662,0.9982904807654289
ENSG00000253831,6.054054054054054,4.121951219512195,0.46175911789289587,0.9623646098058373,0.9982904807654289
ENSG00000088888,27.81081081081081,28.951219512195124,-0.05600448362186975,0.9301797407362328,0.9982904807654289
ENSG00000164050,20.35135135135135,22.073170731707318,-0.11188889128579603,0.9254925463940966,0.9982904807654289
ENSG00000124942,56.95945945945946,57.78048780487805,-0.020293191492633714,0.9557548302787633,0.9982904807654289
ENSG00000090316,23.283783783783782,24.878048780487806,-0.09173560841568917,0.9697024116442259,0.9982904807654289
ENSG00000137135,13.932432432432432,12.463414634146341,0.14940483648975877,0.9766821104249223,0.9982904807654289
ENSG00000134769,32.95945945945946,34.90243902439025,-0.08026836118722364,0.967385249088684,0.9982904807654289
ENSG00000074696,20.405405405405407,18.926829268292682,0.10326299092306014,0.9510712644476798,0.9982904807654289
ENSG00000136527,28.986486486486488,30.390243902439025,-0.0660037470345564,0.9790279187496211,0.9982904807654289
ENSG00000168675,42.554054054054056,43.146341463414636,-0.01948686992188871,0.923222102523903,0.9982904807654289
ENSG00000106852,13.986486486486486,13.097560975609756,0.08821660665016484,0.92546977646869,0.9982904807654289
ENSG00000169398,38.91891891891892,39.63414634146341,-0.025619935611624466,0.9767025012239511,0.9982904807654289
ENSG00000110367,36.16216216216216,35.170731707317074,0.03901165983388761,0.9557507303034736,0.9982904807654289
ENSG00000242512,35.33783783783784,34.46341463414634,0.035141124942412755,0.9046918286482765,0.9982904807654289
ENSG00000273702,3.27027027027027,6.975609756097561,-0.9012674383318457,0.9494904685853602,0.9982904807654289
ENSG00000111728,35.013513513513516,35.90243902439025,-0.0351778155810651,0.9720410537147612,0.9982904807654289
ENSG00000228484,7.527027027027027,10.170731707317072,-0.3896089541252607,0.9298615159611054,0.9982904807654289
ENSG00000091986,33.013513513513516,35.31707317073171,-0.09453989843198665,0.9070108472197145,0.9982904807654289
ENSG00000156650,36.12162162162162,37.46341463414634,-0.051227110725520136,0.9557481127019504,0.9982904807654289
ENSG00000197603,42.86486486486486,42.170731707317074,0.023012278566745335,0.9767003404023172,0.9982904807654289
ENSG00000075420,36.2027027027027,33.65853658536585,0.1021966943419147,0.9650616819053985,0.9982904807654289
ENSG00000038382,51.24324324324324,50.1219512195122,0.0313015596629194,0.9487699268690167,0.9982904807654289
ENSG00000101596,36.12162162162162,36.51219512195122,-0.01509995389683655,0.9348265114663745,0.9982904807654289
ENSG00000196154,5.621621621621622,3.8536585365853657,0.44811195744805565,0.9261984642410526,0.9982904807654289
ENSG00000201140,1.864864864864865,0.4878048780487805,0.9452817559894469,0.9265286604197129,0.9982904807654289
ENSG00000066933,54.71621621621622,53.853658536585364,0.022509439099382054,0.9860213601701749,0.9987084402067143
ENSG00000153914,46.054054054054056,45.53658536585366,0.015953670634723367,0.990680237311162,0.9987084402067143
ENSG00000215908,34.108108108108105,34.58536585365854,-0.019479813480876004,0.9906789128097951,0.9987084402067143
ENSG00000068796,27.27027027027027,21.341463414634145,0.3395619871391314,0.983685255606132,0.9987084402067143
ENSG00000071054,40.13513513513514,39.073170731707314,0.03773451754260519,0.9906800166001438,0.9987084402067143
ENSG00000280007,43.75675675675676,44.51219512195122,-0.024147674363299558,0.9860192358757021,0.9987084402067143
ENSG00000204406,34.729729729729726,33.48780487804878,0.05103869568742685,0.9883498708830724,0.9987084402067143
ENSG00000196549,28.824324324324323,32.97560975609756,-0.18800998933250512,0.9883492270415223,0.9987084402067143
ENSG00000003402,47.41891891891892,48.75609756097561,-0.03930246965898788,0.9883505146178948,0.9987084402067143
ENSG00000112379,37.25675675675676,36.26829268292683,0.03776584485913232,0.9906790968020878,0.9987084402067143
ENSG00000233085,3.310810810810811,2.292682926829268,0.3886956557031723,0.9872442804655045,0.9987084402067143
ENSG00000162105,48.16216216216216,47.5609756097561,0.017750960920117652,0.9883501927638226,0.9987084402067143
ENSG00000080345,48.9054054054054,48.170731707317074,0.021396262694830897,0.9813621874322226,0.9987084402067143
ENSG00000171804,28.91891891891892,28.878048780487806,0.0019721118807532966,0.9883473638986694,0.9987084402067143
ENSG00000116731,28.91891891891892,30.5609756097561,-0.07708375622182147,0.9953393308930907,0.9993567832937957
ENSG00000121741,34.851351351351354,33.78048780487805,0.043749332773941635,0.9953389812297921,0.9993567832937957
ENSG00000204186,25.054054054054053,24.78048780487805,0.015228313836412368,0.9953385946682536,0.9993567832937957
ENSG00000138759,58.351351351351354,58.707317073170735,-0.008626864698319199,0.9953400759654445,0.9993567832937957
ENSG00000172403,34.770270270270274,33.146341463414636,0.06703000665220366,0.9930089356270629,0.9993567832937957
ENSG00000165280,14.243243243243244,17.0,-0.23982701467246859,1.0,1.0
ENSG00000005339,38.17567567567568,38.75609756097561,-0.021217992067909145,1.0,1.0
ENSG00000141556,36.67567567567568,35.90243902439025,0.02991721264081977,1.0,1.0
ENSG00000108256,26.2027027027027,27.5609756097561,-0.07029526459074163,0.9976696095022907,1.0
ENSG00000187720,39.37837837837838,40.853658536585364,-0.05177076572117452,1.0,1.0
